record_ID,payment_Type,Amount
K71VP1XN23,Credit Card,7.01
L26LPFU455,Cash,3.77
9T6C0V9P7A,Mobile Pay,2.83
6LUD365KI1,Cash,7.66
Z64H04YZ0N,Google Pay,5.66
9BR717BAG7,Cash,3.01
AM6906W4HW,Cash,11.55
9JR24X89JG,Google Pay,12.55
6QQ91I26ZU,Mobile Pay,5.01
B20D641BAL,Google Pay,8.48
OT1SA3G540,Debit Card,4.95
JJ6F844DK4,Credit Card,12.33
6A5D0PE33K,Mobile Pay,2.33
7U6HMU8X18,Debit Card,3.76
Q04Z52V0GH,Mobile Pay,3.75
YLH094G76S,Apple Pay,11.21
0UTO0Y0K96,Mobile Pay,3.22
AVU777PQ42,Apple Pay,2.91
4EJ1V7R3A5,Debit Card,5.14
E8BMX088Q2,Google Pay,9.11
024WU6X0MA,Mobile Pay,2.3
3FF6MEG569,Debit Card,9.73
O6P6R2OE58,Cash,3.2
95HQRB8Z81,Google Pay,1.67
94E23BSNY4,Apple Pay,2.64
H481CL8X1I,Apple Pay,9.1
4ISSW1B567,Credit Card,5.51
G8SB271I6N,Credit Card,1.52
AM704J91IC,Debit Card,10.47
9E9TOO011L,Cash,5.48
1H6K5E9RZ3,Mobile Pay,5.93
SJL5I893D9,Cash,3.58
7IQ09E76QZ,Google Pay,6.04
KO18Z37NF9,Apple Pay,10.37
7GKGT0F083,Apple Pay,2.59
HYRA3903L9,Google Pay,8.83
XU6N390UA1,Mobile Pay,6.51
UW0169FBF4,Credit Card,7.69
8RS985ZF9N,Cash,8.79
7P6YR4OL30,Mobile Pay,4.93
470VHY4FL4,Cash,7.38
Z2PI23U60S,Mobile Pay,1.8
25G8R8J1WG,Apple Pay,1.93
7S8K9Z8CK2,Google Pay,8.35
7G3T225MAF,Debit Card,3.53
9TK4IAS242,Credit Card,1.85
3G5PT4R0A7,Google Pay,11.08
DU2A20L7I5,Cash,2.33
Q0V920E0HY,Mobile Pay,12.69
IR899Z8N1X,Cash,8.63
NBK4035V9M,Cash,4.05
1DHP92O1X1,Mobile Pay,7.27
5804Q9EGPQ,Debit Card,5.73
D27U8TGS73,Debit Card,8.01
87L1WEF5B6,Debit Card,7.6
TZ82W1K1U1,Google Pay,4.21
JK02H20HW4,Apple Pay,2.88
G53JQK2N29,Debit Card,3.08
U8LS2DP835,Mobile Pay,12.55
4C1DV4T24T,Cash,12.88
91LKF72MY9,Cash,3.58
Y0L29Y31CX,Google Pay,12.35
858SJI5JK3,Cash,12.5
M47MXKS843,Credit Card,10.93
7I662JW8XR,Apple Pay,7.65
S90XA604WF,Cash,8.07
R92JT5V8Q8,Debit Card,7.92
8Q5EDA3P46,Credit Card,8.92
5VABT032X6,Debit Card,11.62
ABO7194EI7,Credit Card,1.67
5D89GS1H1G,Debit Card,11.58
17H2ORW61D,Google Pay,1.82
5U6ZM3H4H3,Apple Pay,12.44
6YMV7W593K,Apple Pay,6.12
JM3U5U7Z81,Cash,12.34
Q0A47K26PD,Credit Card,11.76
1EOA98T5M3,Cash,3.15
5HZ5U2K73T,Cash,10.95
07W05SPSY8,Mobile Pay,4.53
4TRCB123L7,Cash,12.08
D68WD0K59I,Credit Card,10.36
P1AF52PZ44,Debit Card,8.31
N0QV2545ZH,Cash,4.03
45Z00LQ1LX,Google Pay,5.35
9HLB8815EH,Google Pay,12.41
D8WH65I25I,Debit Card,2.03
M0697Z8DHN,Mobile Pay,3.41
S0D91Y0V0V,Cash,8.8
W070N8BH3Z,Debit Card,4.22
KNS680H4V7,Debit Card,12.9
69RJ5O16RW,Cash,12.58
7A80RP81JU,Cash,10.69
T8820RHM2A,Google Pay,9.76
7IZ05GM5Y3,Cash,1.85
7TR65AQ65S,Apple Pay,11.17
XDT8K1T722,Debit Card,2.57
ACND742T42,Cash,9.55
9M810I3THP,Debit Card,5.45
166CYN3Y2Y,Apple Pay,7.69
1N0687SSCV,Debit Card,7.97
38P8PPZ5X7,Debit Card,1.92
7705LX7RAQ,Credit Card,9.5
22KG2GNU84,Credit Card,9.82
5B1QZ8UO61,Google Pay,11.45
WD55C120JW,Mobile Pay,6.71
6IQ0QW4M63,Google Pay,6.37
5L10P5CRP0,Debit Card,8.43
5RQ6HR165F,Apple Pay,5.13
H5R49VA61N,Cash,4.5
YEM22O786I,Apple Pay,10.98
DL94Z35GO2,Credit Card,5.99
6L9721KRLH,Cash,5.09
8G8H2HM88H,Apple Pay,11.14
3GOW4BT036,Google Pay,4.2
79WI83UQ1L,Mobile Pay,8.34
9G0AI23A2T,Google Pay,6.84
75M6EVD8C0,Debit Card,11.52
5UC064F5YS,Cash,10.05
69YAO6XK84,Debit Card,4.69
8Z04O4BRN0,Credit Card,1.94
8UO5T9YR10,Credit Card,12.57
5MH58ZJ5T8,Cash,2.41
2M46K1PU8A,Apple Pay,3.61
S7L0IVG291,Google Pay,12.37
0S9Q9OY64N,Apple Pay,12.25
8D5SL1L8K8,Google Pay,9.82
045A54KUUO,Debit Card,6.59
8MQ24O76MX,Credit Card,2.34
9400U8HFBM,Debit Card,7.27
2T9IZ15VW4,Apple Pay,5.23
5BZ3G6A32G,Mobile Pay,10.58
F9H3ZR6C13,Credit Card,10.63
69KMK398WI,Apple Pay,11.84
95JTA4FS35,Credit Card,1.75
SYVDQ83189,Mobile Pay,12.08
ZPE59C4L26,Debit Card,4.53
NI6OY9463O,Debit Card,6.59
BV447ZW71C,Apple Pay,4.28
7KHMZ719L9,Debit Card,6.39
HHK95122KO,Credit Card,2.82
S5FZZN3676,Apple Pay,9.15
31LUE53T6E,Credit Card,8.08
W8GA5W225X,Apple Pay,9.76
C35DOWU200,Google Pay,3.67
OEI1C355C6,Debit Card,3.88
8TCYB828W6,Mobile Pay,7.59
753HKCD1I5,Apple Pay,10.03
D9E0K9Z1L4,Debit Card,12.93
4UXW88N6Y0,Debit Card,7.7
79GQ4W8OE3,Apple Pay,4.66
KM5JX93S39,Credit Card,4.99
BL863VJ2J2,Cash,3.06
M75J601GZE,Credit Card,7.52
7FJ02LZ14L,Credit Card,3.8
2R1G888RFM,Apple Pay,4.06
0173KM1MAI,Apple Pay,5.71
I70GM4F2Z8,Apple Pay,2.52
R3V23NR56C,Apple Pay,3.45
GS4D5J8T08,Mobile Pay,8.73
95NG44T6MS,Apple Pay,2.11
852AW48ZZQ,Apple Pay,2.57
H47M71JM2Y,Credit Card,12.9
CG24R27XN3,Debit Card,6.25
K9MJ4017BB,Credit Card,7.3
BU6FKZ4240,Google Pay,11.9
EP66G101QL,Mobile Pay,4.62
8Z5Z22VEV1,Credit Card,8.01
YTDJO47669,Mobile Pay,11.78
JRB226X3R9,Apple Pay,12.7
4DGN7J47V8,Mobile Pay,7.14
PR40310FOX,Google Pay,11.18
6A6BW9Y8N4,Credit Card,8.06
D0EX1Q713B,Cash,8.65
7G5I0H20PV,Apple Pay,6.88
9ZH7001OLJ,Google Pay,9.69
X2O565E8QP,Debit Card,9.01
W81FVE6D17,Google Pay,2.91
U41639UFNT,Cash,12.66
39RHJ54CA8,Debit Card,2.99
UOL5N2458A,Debit Card,6.56
09W8Z1HPX2,Cash,9.41
TKWC4G2988,Credit Card,6.05
461P4YVE1T,Google Pay,12.79
074FS63QJC,Credit Card,4.82
21TA0G86WI,Mobile Pay,10.4
2WGW4G3D76,Apple Pay,3.9
J20168ZGKO,Debit Card,5.69
7F8KR03QT6,Credit Card,11.44
69LGJZ0D09,Google Pay,4.21
93RC56UH7W,Google Pay,9.42
7G21AKH1Y0,Cash,6.23
Z52F5U85AI,Apple Pay,5.21
MW74XQ5F64,Apple Pay,7.95
P6069NR1JI,Cash,5.75
HRP116D58V,Debit Card,12.63
1733E2MTJO,Mobile Pay,12.55
E090K06NPN,Debit Card,6.64
K0V947TP1E,Apple Pay,4.08
NI4E19MK54,Apple Pay,5.85
R8ECY5565H,Mobile Pay,3.84
779CA8V4RX,Google Pay,8.14
7V5EMU813Y,Cash,4.82
G92W8V2E0Z,Google Pay,12.94
9464O4FOPF,Google Pay,8.98
37GI3TB78K,Apple Pay,11.74
775J0BIQK1,Debit Card,4.13
GR473U6F5S,Apple Pay,11.57
3X7FK78QO9,Mobile Pay,2.46
L75X46MOZ1,Apple Pay,9.08
771TT0PJ3T,Debit Card,11.74
1N1HC5TN83,Cash,7.14
HU7RRX6381,Google Pay,12.45
98CX7V4RE5,Credit Card,9.26
GIK6T30N83,Google Pay,4.67
37XV585BVF,Cash,11.99
YAY4KX1246,Google Pay,9.06
660Q4V6NGV,Cash,7.83
SE4PJ0923E,Google Pay,9.1
3AB7NS116O,Mobile Pay,8.05
7T8NSV5T37,Mobile Pay,8.08
J9XO3B2I53,Apple Pay,10.86
M58HEX317E,Mobile Pay,4.34
U80R613GUN,Cash,7.87
YD802SVU73,Mobile Pay,6.24
385KSN7ZR9,Debit Card,8.5
LD8P152UJ3,Credit Card,3.53
IBCGM59956,Cash,10.14
77WTK33EA3,Credit Card,5.87
8291DN0CFC,Google Pay,3.78
3EN8F8FN27,Credit Card,10.41
QQ5TD864P5,Google Pay,11.29
FT0868CYX3,Credit Card,11.25
20K4K3J5IP,Apple Pay,7.85
NX888GT59A,Cash,6.0
4X2WME4O62,Google Pay,2.59
1SC2JFW538,Mobile Pay,6.06
6Q9V655NMV,Debit Card,6.43
ZOM7518YC8,Apple Pay,9.76
CIA740XI55,Apple Pay,2.4
682Q1N4AME,Credit Card,9.01
P04X28ZEE2,Debit Card,6.55
D039CEI13U,Apple Pay,3.03
5W4P09DSA4,Cash,10.4
K1VL6T06X8,Mobile Pay,11.98
9BY52P52FZ,Debit Card,2.49
M4F52B3EY6,Debit Card,3.69
12II26V8ED,Apple Pay,2.82
1I4VLFU560,Apple Pay,6.32
X0U8U0J43N,Cash,9.01
80SIYPG163,Credit Card,12.25
41JSI176TR,Google Pay,12.9
0G855MHW5G,Cash,2.78
5661QE2MTW,Google Pay,8.87
0HBK3T954J,Mobile Pay,3.86
16FJR599KI,Cash,9.39
N6P72PC5E2,Google Pay,4.17
8KLLI8540D,Debit Card,8.76
BY65H9B1E4,Cash,7.58
725CMMQW44,Cash,6.53
19P9OENX27,Mobile Pay,6.29
VR7G2BI001,Debit Card,3.74
8X42OVLV56,Google Pay,9.58
B105W9RPR1,Cash,3.71
IIDX7300Z5,Debit Card,8.59
MDX49O85D3,Cash,3.47
JAE8Z54Q06,Apple Pay,9.94
J7L91KRO68,Mobile Pay,5.36
I2ASW0G765,Google Pay,11.3
96WSNV9Z68,Google Pay,5.63
HVZ128O32T,Mobile Pay,2.11
020U3RHZ5C,Cash,5.55
VF0X65G6W8,Credit Card,10.72
UX29ZW4V53,Debit Card,7.92
LE899U6NO9,Mobile Pay,11.47
K526E6IAX1,Cash,11.64
MR3W3FU146,Mobile Pay,4.15
V6O2636JQN,Google Pay,5.42
5W4FP5JE51,Credit Card,11.82
K1899ICAF2,Debit Card,10.07
A2XV41GX07,Mobile Pay,8.63
O510IUUO98,Mobile Pay,9.39
4LV30O3AY2,Cash,6.99
408AYWIO20,Debit Card,12.36
YATU223L63,Google Pay,5.65
13VU0I39NO,Google Pay,3.95
0UN83E51HQ,Mobile Pay,11.22
O63A1F1BF7,Apple Pay,10.39
3A056MCA8L,Credit Card,4.55
2AQG82KJ41,Credit Card,8.9
Z2L344WPN3,Credit Card,8.03
86FJD0Q7O1,Debit Card,2.85
5SMP1P2P33,Google Pay,6.6
A94L0F8R8Y,Cash,10.39
XBB8840X8U,Mobile Pay,10.59
5J6Z6F9O1M,Apple Pay,1.75
W28Y6DX89M,Apple Pay,11.68
6W3HXV550R,Mobile Pay,5.93
608PK7XRQ3,Cash,6.9
73XJ38USF8,Cash,3.48
38XV5UT49B,Google Pay,7.06
NP5K4853JB,Debit Card,8.04
G2X35RN25U,Debit Card,2.37
9BYM19ST44,Credit Card,12.3
885EZG08UH,Debit Card,3.75
B48C963JRL,Debit Card,11.7
7I76WKJ62A,Apple Pay,3.13
MH739J70KQ,Mobile Pay,10.52
47I6I1DKX5,Credit Card,7.01
547GI3XUT9,Mobile Pay,2.24
1MHT28K4N2,Cash,7.36
G15NX28RL5,Apple Pay,6.04
OE897LZY08,Cash,5.52
Z3NM9Z5I17,Google Pay,8.29
1JI0TU731M,Cash,10.51
FK0ELF7825,Mobile Pay,5.65
98L1VZXZ24,Debit Card,6.28
GARX51935H,Apple Pay,6.61
PMX39342PR,Credit Card,7.8
2H4FR64L3H,Credit Card,8.38
MO73D2KF47,Credit Card,8.23
UCH62P9U20,Mobile Pay,5.88
V2ZG5O58C7,Mobile Pay,9.34
GS8J885B3T,Cash,11.88
M0P5ZFF895,Mobile Pay,3.34
WW04W2P92Q,Cash,12.87
UH65324LNU,Apple Pay,11.5
O8114Q6RJG,Cash,7.6
XNC607A6C1,Apple Pay,8.95
78XS17X1HV,Apple Pay,2.16
B5F3817FUP,Google Pay,3.71
ADB40C8K86,Mobile Pay,1.9
234CQJ20DA,Cash,1.77
FC19M58I7J,Apple Pay,10.63
E6L55RU0W4,Debit Card,11.58
TOB3795JW1,Apple Pay,9.98
14WU7ZT79B,Mobile Pay,4.95
6K5EVQ2I82,Credit Card,7.28
8A055HD2EB,Cash,9.42
6P8G6F70JF,Debit Card,3.08
AWJP33F316,Debit Card,3.42
XTI6271JL7,Mobile Pay,4.51
QLQU7136B7,Mobile Pay,6.29
N28CWS2I23,Debit Card,11.85
H796N8YM3P,Debit Card,2.52
GLR15GR037,Mobile Pay,11.1
2Q4LZS77M0,Cash,6.66
NV6476LC9N,Debit Card,6.82
4J1U4R6P7B,Cash,3.49
AL87W54F1I,Apple Pay,9.62
4F09ZQ2NX9,Google Pay,5.98
CD9BM1184X,Credit Card,2.49
95EO51NJP5,Credit Card,9.71
1W4I7G0T3W,Credit Card,9.9
9536HDMK0K,Credit Card,1.73
K4WIIE8027,Cash,9.2
F17PT77WV0,Google Pay,6.81
5G43LHML29,Apple Pay,12.44
UC665RS49P,Google Pay,5.71
X3TGJ18U42,Mobile Pay,6.39
DN5C8W5T41,Debit Card,4.89
I35O2XB62F,Mobile Pay,8.99
GI6572HO4E,Apple Pay,5.61
3P5NH8E26C,Google Pay,12.93
46CF4LX9D2,Cash,6.11
EP53BUF331,Cash,5.82
NLY6U0336W,Mobile Pay,7.23
99S9QM2V1C,Cash,2.51
1VHU275T0K,Cash,1.7
WPV0XY4731,Debit Card,8.0
7A95S84QJD,Debit Card,8.0
B59M2WK18A,Google Pay,8.71
3C4B73F9VC,Mobile Pay,10.88
8KGCXY7889,Google Pay,3.51
N798GW2H7C,Credit Card,10.36
082Q1GQ4EX,Cash,8.56
T9T6A7L65Y,Google Pay,12.76
86Y1REKI16,Mobile Pay,3.83
V9Q67P6HQ2,Cash,10.93
D7S7QGH542,Credit Card,9.0
0RS079YYP6,Credit Card,5.52
6KRK7M55A5,Debit Card,12.39
1F8OL37ER1,Google Pay,5.21
G6HM3K988P,Debit Card,4.11
531KB7XFS0,Debit Card,9.4
A65AI6S13T,Mobile Pay,2.96
YID8605K9B,Apple Pay,9.25
0K6T73F8AA,Debit Card,8.51
ZL78JD783O,Google Pay,10.54
VZH6KI2465,Apple Pay,8.29
U4T38D1Q5L,Mobile Pay,3.78
I2XU0T315R,Apple Pay,11.88
O46WC03O6R,Apple Pay,6.46
P17V8U2J1F,Mobile Pay,7.95
IQ1WOM9453,Debit Card,10.86
1WOO833UH2,Debit Card,10.83
N77X81N2EA,Debit Card,4.94
0PHVIS5161,Credit Card,5.79
ZG06600XHJ,Debit Card,4.28
0Q3U6BF37W,Credit Card,9.63
G69ED4IH79,Mobile Pay,8.65
Y12185VJZC,Credit Card,5.12
B2K8W66RV2,Cash,5.09
21D4D5T0ZG,Cash,12.64
2E1P52UU6W,Cash,4.08
L6EZ5R0A40,Google Pay,8.11
518DJK2OV1,Debit Card,12.93
G7X4T498SU,Cash,2.67
K96ASU40P0,Apple Pay,2.46
1W9351HYAT,Apple Pay,1.8
30D8FIHD14,Apple Pay,7.55
H46LI53T4M,Google Pay,9.11
X75ZQ082LM,Apple Pay,12.95
X2R47M0NC7,Credit Card,4.37
GGNFR45099,Mobile Pay,11.89
9RA2L74AQ3,Apple Pay,10.51
AJ65624VLP,Google Pay,7.31
2ZRPR3Q610,Cash,9.41
H6F44EJV97,Apple Pay,3.07
33AE59AFG5,Cash,11.51
2YO84E2B1V,Apple Pay,12.03
HT99362TUL,Cash,10.27
18FND10NF0,Credit Card,11.34
SC32N6MF71,Debit Card,6.35
O3606WJKQ6,Debit Card,7.55
4M69M7HYS8,Google Pay,9.91
68E8S3BI7X,Google Pay,6.45
Q4341GR0CJ,Cash,3.01
7VF73STG91,Google Pay,7.89
H0T7UG1E02,Cash,3.62
I12TRD599D,Debit Card,6.18
0MD5LF396K,Credit Card,9.89
T5R9C4UH05,Apple Pay,6.18
DOC89283WV,Google Pay,5.77
Q30V2VYR52,Mobile Pay,3.72
N41LQ117RS,Mobile Pay,5.03
11S6C7L8CJ,Credit Card,8.8
1A9N04BS6A,Mobile Pay,9.82
4L8K4IQ1D9,Apple Pay,6.08
RS4YR7W637,Credit Card,2.87
CX66196PJO,Apple Pay,9.24
G57GGZ595Z,Mobile Pay,5.94
P8283MOI1A,Credit Card,8.28
8184MWTPA4,Cash,2.93
8PC1CG393T,Google Pay,3.88
ZD30LA173S,Debit Card,1.62
I8F643IRD5,Debit Card,4.31
PD34I2TU94,Credit Card,3.64
V42N0VJ82V,Cash,6.84
2KF608ERS0,Mobile Pay,7.38
3R3D30T3NA,Cash,10.07
66O5DN49CF,Cash,9.19
C3TVA4315Q,Debit Card,10.19
JPYZ23683X,Cash,5.52
5FA7BF025O,Apple Pay,6.01
75K8ANC10B,Credit Card,7.34
635S0TFTU5,Credit Card,12.05
471OMC0C2B,Debit Card,9.45
V22Q7YX62M,Credit Card,6.81
L1BW5344TC,Debit Card,9.07
6VA80V37OX,Credit Card,9.98
TJU4IB7181,Debit Card,2.68
2MT491A5QM,Mobile Pay,6.02
78CJ4YX47M,Apple Pay,4.94
RR50ST969X,Debit Card,8.9
3DYK9B0W58,Cash,11.49
Z99AP7W2D1,Debit Card,11.8
04KDT64RX0,Debit Card,2.86
ZB4G6P184J,Credit Card,7.56
W021IC6WD7,Google Pay,12.69
2QL8451TXC,Google Pay,4.2
9OC66U9G5E,Cash,12.64
Y01ME9G10H,Cash,11.87
2UU60R81QK,Mobile Pay,6.77
U5F172RE5Z,Debit Card,3.57
0O8B19WFJ9,Credit Card,6.47
3LEJ81JO46,Credit Card,12.77
I7G9T8T5V8,Cash,7.7
76F8U4YN9S,Mobile Pay,3.82
4MN6WO210G,Cash,10.02
18Q5SE8PD0,Mobile Pay,10.09
86Z0A17PKV,Google Pay,9.01
ECF7H097V5,Debit Card,11.14
X80PPW20T1,Credit Card,5.11
384L0R8IJX,Apple Pay,9.01
7FW21P1W6N,Cash,5.05
51YDFY2W76,Mobile Pay,4.58
8BD22EPP90,Apple Pay,12.56
7E72NW8D7N,Mobile Pay,12.51
U8WHJ0C746,Apple Pay,8.2
27QPAP1M17,Debit Card,10.41
4R676JNPM9,Cash,4.12
8Q8NHR518S,Credit Card,10.81
56A6L3DV1O,Credit Card,2.03
1TYE95ZQ17,Credit Card,10.9
ICR46WW622,Debit Card,9.98
0OFHU9015R,Apple Pay,3.8
6PAH0Y715R,Apple Pay,1.76
ST0T96O30V,Google Pay,4.05
O46MVU22A8,Credit Card,6.88
412VNH1DY9,Mobile Pay,1.69
M8TUZR2380,Debit Card,10.43
YH2EY95Y12,Google Pay,11.82
3DX659C2RI,Cash,9.96
52VR98CTN8,Debit Card,7.51
0UX5V9Z7L1,Mobile Pay,10.09
A3J5RL736B,Debit Card,8.47
419XI48GCS,Credit Card,12.61
V966KRW2O5,Credit Card,9.34
PF03UT4H78,Mobile Pay,6.48
HB26R206IF,Cash,6.95
1P8ZIU786O,Mobile Pay,7.43
ES1D6B049J,Apple Pay,9.06
2812ZGNYY4,Debit Card,4.93
6LR43E03WL,Apple Pay,2.73
811Y5R5NUG,Google Pay,12.83
0G2F74KMF1,Mobile Pay,5.49
1IY8M0V43S,Cash,9.03
NPU31R58X6,Mobile Pay,2.89
E197WN2YV8,Credit Card,8.8
9172AKM6MP,Debit Card,2.6
P3Q42NA6K7,Debit Card,4.89
1IV59V0GO4,Debit Card,9.97
2JN24X91HX,Cash,4.76
5OX58WC2Q4,Cash,9.64
22JD82DRC0,Google Pay,4.57
4YAVH87N71,Cash,12.94
D58L7TT3K1,Cash,8.25
1AN25M0H2K,Cash,8.5
K357NJSV45,Credit Card,4.17
8S4S2N7YO1,Cash,6.0
ME9H63Q9E9,Cash,8.58
IG7NC13T98,Apple Pay,2.72
C42M8QY35K,Debit Card,8.96
Y4QCT34L25,Mobile Pay,5.32
9YC471A2NW,Cash,2.31
148S0T2JOQ,Debit Card,8.58
7MN6D7D0U7,Apple Pay,7.85
C54266PCZD,Debit Card,7.89
57FI698LJQ,Credit Card,3.21
Y237Z89XFO,Apple Pay,9.01
M94N90ZUX8,Cash,1.71
QE3671ZRX4,Mobile Pay,7.84
2JS481RVY6,Credit Card,9.35
1ONQAH0488,Cash,3.12
70D749UOGE,Debit Card,9.46
WH7U768Z7B,Google Pay,3.8
14WT395TQK,Debit Card,9.0
C48G465LAK,Google Pay,7.94
T78AFBO728,Debit Card,8.91
68J1XH62JS,Mobile Pay,4.02
JZO14D93M0,Google Pay,7.82
V1WB458D3S,Credit Card,11.2
NA0C6865GJ,Cash,9.01
R29044QPIC,Credit Card,6.26
H7D0P724FK,Apple Pay,5.08
C342C7KY2Z,Debit Card,11.15
7H4Y0J4FK8,Apple Pay,4.4
A5GFW7418P,Apple Pay,8.0
I7RS7R5S85,Google Pay,1.86
F8525HX1WT,Credit Card,11.84
XH9O36T4P3,Cash,6.52
3UX275T7SX,Google Pay,5.85
LKZR13I620,Cash,8.35
4K6CH99F2K,Debit Card,6.36
JPL6F89W77,Apple Pay,5.78
B297AB2ZR3,Cash,8.41
B2L3K57SV0,Debit Card,8.64
R80N26PAV3,Cash,7.4
1W3FC6JA95,Mobile Pay,6.96
7PTH3715XU,Credit Card,12.79
138B1XIAA2,Mobile Pay,7.32
S2U5RK070A,Google Pay,4.3
XF87C983VX,Debit Card,4.94
3P4P6UYC95,Debit Card,11.55
47P29C6YTE,Cash,4.22
65S00B8MZA,Apple Pay,6.52
0AP2MO0L97,Mobile Pay,3.22
J21A6FFN72,Debit Card,6.4
QSXS483U79,Cash,5.0
H96V993ZEV,Mobile Pay,12.37
R59R08D4KJ,Mobile Pay,12.19
T25V7MV5O2,Debit Card,3.77
1SE22FF02P,Cash,8.57
X1J225Z0QN,Credit Card,11.42
G9G33S5B3Z,Cash,4.48
KEIY23026W,Credit Card,7.14
Y7857H9MND,Debit Card,3.57
9L1G5A5UH1,Apple Pay,10.19
X61FM0O23E,Apple Pay,8.97
HD53M5EP26,Mobile Pay,4.84
MFS3U0Z133,Cash,10.8
90FPT2B26S,Cash,4.2
PTU9053FQ3,Mobile Pay,1.84
6P19XXN4F3,Cash,2.56
52G8ZOI6N5,Mobile Pay,3.07
RCX5369T4V,Google Pay,4.08
674N59RJMN,Cash,5.0
S068IJO4S0,Cash,10.26
R7ZS4T2E94,Apple Pay,10.68
9H5OCG947Y,Debit Card,11.89
IK5U854JM4,Mobile Pay,7.53
7D248JWS7M,Cash,12.82
A4XTG8667P,Apple Pay,5.47
PGKE6784J0,Apple Pay,6.66
P1ZO3914YF,Cash,1.85
52VSS677GV,Mobile Pay,9.25
4RY3D11IC1,Google Pay,8.08
2GL63R2VW7,Google Pay,4.07
2A4C30STS4,Cash,9.32
06ADRG21H8,Debit Card,7.97
HX588B7E3N,Debit Card,12.43
6MIE8X2N38,Debit Card,12.49
4TA138CBV8,Google Pay,7.46
3R5Q2P1O3X,Mobile Pay,1.54
X9I7219DMF,Debit Card,8.83
A3D9MXP626,Mobile Pay,3.47
3J00JRUO06,Google Pay,12.17
82U8UO1R4H,Mobile Pay,7.5
6CK1K3N6L5,Cash,3.48
I32DQ0C5F6,Debit Card,12.32
Y3V64L8NS2,Debit Card,3.51
884EPVW9E6,Cash,9.28
4T5GBX62S5,Credit Card,11.83
5E00Q1ISS8,Google Pay,1.74
NKX85T3Z81,Mobile Pay,3.69
0I5Q75OR5H,Cash,8.99
8WF9B52HJ5,Debit Card,11.47
E9Q58WB7Y8,Google Pay,7.21
41W31U7KMW,Apple Pay,6.2
KKD81YF538,Debit Card,10.98
E17VW4E12L,Google Pay,7.62
122CF2RDV1,Google Pay,7.33
Q6LFT755L1,Debit Card,12.26
M005GG63FG,Apple Pay,7.96
S0RJ4904XE,Cash,7.15
A357YAQ59X,Google Pay,4.05
MRT788ES62,Credit Card,6.99
1F3OYM418L,Apple Pay,12.73
8QRX7Y42N3,Apple Pay,11.17
68Q3U4UVL3,Google Pay,4.02
E5C1A1D9H7,Cash,3.14
Q9Y9M37Q6J,Google Pay,8.24
4P5E645TMO,Cash,6.37
G9E37IZ6P9,Apple Pay,8.25
W264P59WYJ,Credit Card,5.88
XTD5S2192Z,Debit Card,11.61
CF317BC60Q,Credit Card,8.73
71A55ZZVB4,Credit Card,6.27
9TB47HT2L7,Cash,9.53
8XB40C8Z3R,Debit Card,10.95
S4Y6T63I7N,Apple Pay,12.87
BWLS75020F,Cash,2.96
A593Y59AIU,Mobile Pay,9.86
I3849TY8SP,Credit Card,7.41
KUT21D49M9,Google Pay,9.16
EZ895OIF25,Debit Card,4.29
V7PU73N55E,Debit Card,3.39
HU4N103QW1,Google Pay,10.4
I6T3S0YU29,Cash,8.55
58WPB1M4X5,Debit Card,7.56
Q5E6MW5Q57,Mobile Pay,8.82
Q8GNOY3238,Google Pay,11.94
TRN69LD110,Apple Pay,12.09
789WRX2Q2R,Credit Card,10.78
27XE1OU42U,Debit Card,11.97
GSHJ722K36,Mobile Pay,6.03
4A1RIR58J2,Apple Pay,12.0
U6NUS2855C,Debit Card,12.21
F0R12M2S1B,Credit Card,2.83
NUB6CQ2119,Cash,12.72
X17I4HA8U7,Cash,9.11
9N2WY4O71T,Cash,9.82
X4XL9755XT,Credit Card,10.47
M5K7SR46A3,Credit Card,7.78
55Z89UIU8U,Google Pay,7.0
7Q4W02LH9A,Mobile Pay,11.78
N6A026WD4I,Debit Card,11.36
41Y2SB7V6X,Cash,2.58
II802ZXK70,Credit Card,1.8
M569WOFQ33,Mobile Pay,10.98
DL8PR6Z516,Apple Pay,2.16
3K20BA9X2C,Debit Card,5.18
IS6QH4388C,Mobile Pay,6.03
5FLNS0P239,Credit Card,4.94
W63ZM7X3U2,Debit Card,7.97
M5CK5GD941,Apple Pay,4.34
9Y4G559GVH,Debit Card,2.59
3SCZD1596V,Debit Card,12.89
TG6642R2OB,Apple Pay,8.3
5SRD05BL31,Cash,6.29
O16ORJK528,Credit Card,8.69
NI5K2T1J66,Cash,9.68
7OXP43C16S,Credit Card,6.46
815Q8OSP8K,Mobile Pay,8.13
8NS8O0TE76,Apple Pay,8.17
4BAJYC8444,Mobile Pay,6.01
A712P53SBC,Mobile Pay,8.32
6Y335P1JPD,Mobile Pay,7.36
363E9DK9GS,Cash,7.37
TZ9V8M8V81,Apple Pay,3.36
553IOZ5T3T,Debit Card,10.79
11PVJ252KT,Google Pay,5.06
1V80B6M1BE,Apple Pay,4.9
MS3YK3T471,Credit Card,3.71
6ZD21CL3D3,Google Pay,1.74
57PUN5BF70,Apple Pay,9.62
VWZ395P8M8,Mobile Pay,5.32
U122A5WX8D,Google Pay,1.96
ZU9VU2S090,Cash,5.41
QP2XA702K8,Debit Card,6.28
RW01O4RM08,Credit Card,3.89
5P737PFOJ6,Mobile Pay,3.33
07IXFD52N9,Google Pay,4.27
BF468I61BJ,Credit Card,6.15
G2L8B286BY,Credit Card,9.28
3E2N9I26CN,Cash,12.38
PP2X34GT94,Apple Pay,5.28
PT8S6Q10Y6,Apple Pay,4.2
11T63GJG6Z,Mobile Pay,12.55
0AGFL83Z24,Cash,4.22
5WXB856L3C,Cash,12.48
80QQT1X36I,Google Pay,5.24
M8VKY12I15,Credit Card,1.72
PE732XN96G,Debit Card,10.08
0K4AZ6NB51,Debit Card,5.9
0I83G4DBJ1,Apple Pay,11.72
5XBM532XE2,Google Pay,11.66
5WQ7PJO889,Google Pay,3.23
2DH2B25YD8,Google Pay,7.27
ZOM0F260Y6,Mobile Pay,8.81
O0R7Z03YE9,Google Pay,10.17
7TR9BT21F6,Cash,2.25
B30NG6C38X,Google Pay,3.44
35M2R63XOE,Debit Card,10.15
UN3I13ON99,Mobile Pay,5.49
HWN01FQ431,Google Pay,6.68
U4C4I581ON,Credit Card,10.66
0C4P46YTM7,Mobile Pay,12.97
HN55B5DS65,Apple Pay,6.75
B4U61U5AC6,Mobile Pay,9.7
983SJ8RHH2,Credit Card,10.54
YFH5614T7O,Debit Card,5.87
60U2AO2M4P,Google Pay,4.87
CVT25M8E95,Apple Pay,7.98
OO0E2289AN,Mobile Pay,6.32
FE1Z0840XX,Debit Card,2.04
3Z73TVKU00,Cash,5.94
M913KDT9C9,Credit Card,10.58
NA3HPG2363,Mobile Pay,8.61
60YX4YIH96,Credit Card,5.99
0PK388N8XI,Apple Pay,12.1
7KZS3SA393,Debit Card,10.37
53K0J2JPZ4,Credit Card,2.93
27THG85XB2,Debit Card,11.91
GBX77H099Y,Credit Card,5.83
9M22T4ZDX2,Debit Card,10.2
467Y6P8PGU,Credit Card,8.93
88U7AAQ1R0,Debit Card,3.48
1C8ZG639WC,Google Pay,10.14
5L6P70JPT7,Apple Pay,4.24
M4754M3ADR,Debit Card,6.91
WV86X4P29U,Cash,6.82
FOWU7135S6,Apple Pay,12.12
2509I7HMHT,Debit Card,3.98
27LUG4V18L,Mobile Pay,8.89
355RGL8JT7,Google Pay,5.02
P194PV0QL6,Credit Card,8.36
WD19O2B86C,Cash,4.54
62K8Z6AUZ5,Cash,8.34
845RGYS71D,Cash,12.13
25ACWC27S5,Cash,10.63
5060W3TFUE,Google Pay,10.62
P8R3Z4QX44,Credit Card,11.05
H4U42L0MP6,Apple Pay,9.84
L31PO0D3E8,Google Pay,2.36
28YA1U8MJ2,Credit Card,7.01
E6AA606A3R,Google Pay,3.28
8T6L88U0PO,Credit Card,5.57
O3F29DY94N,Google Pay,8.74
FS6L026NF4,Google Pay,5.43
ASXW3I9481,Credit Card,4.84
MQ13569ZXJ,Debit Card,11.28
746G0MOJW3,Credit Card,3.28
UV68350UGP,Mobile Pay,7.55
YV92C4K02P,Mobile Pay,10.58
18R60HIZE2,Google Pay,7.64
EE8I3015KD,Google Pay,2.05
O480OWHG82,Credit Card,6.16
0OZP1T99O1,Apple Pay,5.73
OZ6B7U13O4,Google Pay,8.0
V40FA7W8N9,Google Pay,9.55
I01I2D17JA,Apple Pay,5.41
WZ2237H8QY,Mobile Pay,6.67
VEA55441TE,Debit Card,4.18
467Y8E5YFM,Debit Card,10.49
U150H2LQQ4,Credit Card,4.62
5BJH392AJ7,Apple Pay,3.25
1N927JCAH3,Debit Card,9.02
3UQS6L238B,Google Pay,7.97
R4041KBSR4,Debit Card,6.98
D28K473RER,Mobile Pay,4.33
EM31XML318,Mobile Pay,3.22
LD7CB927S9,Apple Pay,4.73
669NQTB9V8,Debit Card,2.06
YU9GT1Y150,Cash,11.25
43T4AJT0U6,Cash,11.98
11K51FOI8C,Mobile Pay,2.32
0L6S8X0W0W,Cash,3.98
R1S2638OQC,Apple Pay,10.16
IHD6310E2U,Mobile Pay,5.54
2SMJI5491D,Cash,2.71
9O1DFT531N,Credit Card,11.93
19J7ZF1KC8,Credit Card,10.89
EI93T43MI4,Apple Pay,11.36
A1627AI2KH,Cash,4.68
XA567BQ6H5,Debit Card,6.36
14MVTS7J31,Credit Card,2.03
15NQGZ527Y,Cash,6.68
1706OEUG2R,Credit Card,8.8
6GJ0PWJ173,Cash,2.61
C8BLH4089X,Mobile Pay,5.86
T32YD2TF86,Debit Card,9.39
TU9565M4JP,Credit Card,9.8
A7TL5C60O5,Cash,12.46
EE9Q72GD72,Google Pay,8.21
W1G7800ECI,Cash,12.7
J80Z7EIC53,Apple Pay,5.92
FV11829KGY,Cash,4.2
0Y9XR736FN,Apple Pay,9.89
1ZNQGZ5379,Mobile Pay,10.57
MZC36S069G,Google Pay,11.1
0H9FMT273F,Apple Pay,7.66
S6OB191R3J,Credit Card,6.04
TZ2E668N3F,Mobile Pay,12.68
GQ255Q4GP1,Mobile Pay,10.57
69N0M3UZ8X,Credit Card,9.21
TX0P09QT30,Credit Card,7.29
69ZSK6Y0Q3,Google Pay,3.04
F3L4M7W25P,Mobile Pay,9.54
5PHQ7573EH,Apple Pay,4.52
P5PL1S2H51,Credit Card,10.37
LX61V00X3W,Mobile Pay,10.67
5FD809TJB3,Cash,4.9
CZ06471XVG,Debit Card,1.83
2J7HAO6L55,Debit Card,7.13
34S0MSXU87,Mobile Pay,5.73
O2ZA444HO8,Mobile Pay,3.73
K88P36DG1K,Debit Card,6.55
1P0OQ32EV5,Google Pay,4.48
Z81OA3BU96,Apple Pay,2.78
I4V2QBX794,Mobile Pay,1.94
2L58Y43NHF,Apple Pay,11.97
31YMRP3V71,Cash,4.25
AL3OT0X030,Debit Card,9.98
QV31T41HQ3,Mobile Pay,4.53
02EPIA8B77,Debit Card,4.17
5N07D0YJ8Y,Cash,12.88
9Y0U8TVS85,Cash,10.55
058N8BAQ9U,Cash,5.02
80UP57MI7X,Google Pay,7.04
95X63FUIV2,Mobile Pay,2.62
U383DF49NU,Apple Pay,7.16
8AGP872O6Q,Apple Pay,7.51
HSCO31858O,Cash,8.54
353AU26TEH,Apple Pay,4.87
LIZ5Q51I32,Cash,2.34
F9MH13L30B,Mobile Pay,11.82
32V9XIC29C,Mobile Pay,6.37
KL36L28K1A,Debit Card,12.77
I88I75QPV8,Cash,7.09
C1J0L4L85A,Credit Card,3.65
Y1BL60R74Q,Google Pay,9.59
W3GB82W38E,Debit Card,4.25
VGNB6692X5,Cash,3.37
LIYE38773E,Cash,12.2
8TQ3BZ5X63,Credit Card,11.24
4351KC4ZUO,Cash,4.68
590O7SBK4Q,Google Pay,11.47
1H7DCAU325,Google Pay,5.22
Z32D6SLL59,Debit Card,7.03
506Q3AXG6K,Mobile Pay,8.91
BUA1I4820W,Cash,11.4
8M490QNZ8R,Credit Card,7.65
C93S9T4JG1,Credit Card,2.53
H2F3J47Y7N,Cash,5.04
W3P304HTS4,Apple Pay,9.55
Y0OQ23K2T2,Mobile Pay,9.44
518CAL53WR,Cash,5.66
14O1JR09BQ,Mobile Pay,11.93
3GHE0W02P3,Credit Card,8.77
88RD1CA7B7,Debit Card,5.96
960I14VFIV,Debit Card,3.32
299Z4OFP6L,Credit Card,1.92
8BX876G4EU,Apple Pay,2.65
663YTMS57R,Cash,11.68
6K1KNH8E76,Credit Card,5.82
1XG0313IHG,Google Pay,11.18
DV47JC01H4,Cash,12.73
J071RNM41P,Cash,5.64
9VXR98FN45,Google Pay,5.17
P1E5M26NN3,Apple Pay,11.76
LK0S2TT696,Credit Card,4.97
I3U07LZ8K4,Cash,9.85
ML3Q11J77B,Debit Card,12.34
2R8R2Y0NS2,Cash,4.5
G3H4IS423J,Cash,5.21
A3M34NDD89,Apple Pay,2.14
ZA0F57VK84,Credit Card,9.0
E4O3SG72Y7,Cash,1.91
V2FG9P0R50,Mobile Pay,12.99
XU7YC762L4,Credit Card,8.76
QMV59368AO,Google Pay,9.78
F6X8P2V6K5,Credit Card,11.14
S8XEX4606P,Apple Pay,4.94
8INVR0535C,Credit Card,12.03
8U18K0MWK6,Mobile Pay,1.83
QA2L275J9S,Cash,5.35
0IA0Q32W5T,Mobile Pay,6.16
87A18I8MQC,Apple Pay,6.46
91J2H9OZ8S,Credit Card,11.31
U2O792VXH8,Mobile Pay,5.56
Q44P3S12AF,Debit Card,10.65
OC722C9TY4,Credit Card,1.87
S538CRX9G1,Google Pay,4.36
92SB5B8Z3W,Mobile Pay,1.94
HKJ86WQ707,Google Pay,7.57
96T0U7DX4H,Credit Card,11.59
J1E0U3X04Y,Debit Card,11.94
231G8P5DTM,Mobile Pay,6.11
9WB6RD866Z,Debit Card,8.5
TY274T97KX,Credit Card,8.44
1PA92TM16B,Mobile Pay,8.64
K40U8KSU97,Apple Pay,3.8
24DG6V81UV,Debit Card,9.88
Y3B7Q3N2M2,Cash,4.93
395L4A9WRO,Mobile Pay,6.16
6H14XXU18I,Apple Pay,12.31
PL727U5J4M,Apple Pay,7.71
1S7JQF906S,Credit Card,4.35
Q037AAI69J,Apple Pay,7.7
W79C6YIZ65,Cash,8.79
S3NG2S81J9,Cash,1.57
151TOIC4Q7,Cash,12.85
GA3K20O0Y0,Apple Pay,4.51
89ND599MVE,Apple Pay,9.36
Z36ISG794B,Credit Card,7.82
J983HL92CH,Apple Pay,3.19
PT131AA2A7,Debit Card,2.61
ZK31S93GA7,Debit Card,9.6
4Q6H9IBP12,Mobile Pay,8.23
LNP17F854C,Apple Pay,6.45
CGU334C3L6,Google Pay,12.85
959JJK0FC5,Debit Card,10.97
T1692BH3TK,Mobile Pay,3.37
S7M6MB02T8,Apple Pay,6.82
3I8K620NXH,Credit Card,7.25
M013IX30XJ,Google Pay,5.51
DK95AVT922,Credit Card,4.06
WIOA5123I2,Cash,2.85
91A9OSE2C0,Credit Card,12.73
53O4OKKU55,Debit Card,8.48
XJE1329G6Y,Credit Card,2.17
XT53995CSI,Credit Card,2.52
72FJ87DHF8,Cash,10.72
SZ1NBJ6971,Cash,4.21
F7CT1ZG776,Mobile Pay,4.49
5I2SM0K08Y,Mobile Pay,12.17
7KP5Z4WW62,Credit Card,4.64
84KEIJT257,Apple Pay,6.48
N790EKV8Y9,Apple Pay,4.7
31H6FHD7D2,Cash,1.82
BX05T285PZ,Apple Pay,1.75
34IF7I7AB3,Cash,6.14
SO5TG32F33,Apple Pay,2.39
NY9X74UH66,Debit Card,9.71
M81Y6JV9E2,Cash,3.55
P1ZC82GW00,Credit Card,9.86
PJ1SF47J09,Apple Pay,5.2
8YO3RJG019,Apple Pay,12.74
88RC2UF72X,Apple Pay,8.86
D30DUPU993,Credit Card,6.41
HT1G238CF7,Debit Card,2.94
5NIN8561JL,Credit Card,1.69
YH57A3C59Q,Google Pay,3.32
X6Q0I131UZ,Google Pay,7.89
42X2F1YA0R,Cash,2.54
WUCT41J059,Cash,11.54
27ZG0J16DZ,Debit Card,9.33
6V35M13JDK,Cash,7.06
V815D0HTP7,Cash,9.4
8X5P184RGT,Apple Pay,6.21
NG6H39R1R5,Apple Pay,6.38
1G9I1ML48F,Cash,4.1
1P1D71H9UA,Google Pay,11.63
ZV3J12JO47,Debit Card,3.05
A3F53FK4W5,Apple Pay,6.49
B6JQH6624K,Google Pay,2.55
3GMC4DF587,Credit Card,9.42
7GJ61X2U6M,Apple Pay,11.14
5703Z0XTPD,Credit Card,2.94
7C9VI708VK,Credit Card,7.85
3P0Y06V4DB,Cash,1.68
TPWOV65846,Apple Pay,6.19
XE987B34VV,Debit Card,3.4
QRZ8RX9847,Debit Card,6.85
I5M5A82SH2,Cash,4.49
M1N0X180DL,Google Pay,7.03
9WD21HWP22,Cash,4.38
C51324QBYF,Credit Card,6.65
F1F26A6Y2S,Cash,9.36
OD63J5LB42,Debit Card,3.9
U207U3C3RG,Mobile Pay,7.11
U8QXZ5112V,Mobile Pay,6.79
K9ND87I4W7,Google Pay,10.12
2UWNM899T4,Credit Card,5.69
S7AYP6C601,Debit Card,3.4
3493SGOBC8,Apple Pay,7.97
1WKU0YT543,Apple Pay,10.89
TG1FC0S288,Mobile Pay,8.82
M3OR8YP177,Apple Pay,12.08
C8929S2ZWR,Apple Pay,12.44
18CG72T0JZ,Debit Card,12.69
3H0A4N2VN5,Apple Pay,4.74
NI1K8850YX,Google Pay,8.31
AO2A8O96F8,Google Pay,10.04
1EQ75Q7N7B,Mobile Pay,2.59
B71CQ1VK14,Apple Pay,2.07
0Q9Y8EX6M5,Mobile Pay,9.36
L680K4X0MR,Mobile Pay,12.16
D5J6N84Y8K,Mobile Pay,11.44
ZK9U981YQ8,Debit Card,7.25
6P13G7AD3O,Google Pay,1.98
WPD019S9X7,Debit Card,10.2
I62KGN60R6,Mobile Pay,9.58
873SL8NK9R,Credit Card,8.14
M4B0YO360K,Credit Card,4.24
TX2Z0IU276,Apple Pay,6.62
MO357PW8X5,Google Pay,4.38
8JBJ9A0G91,Cash,12.71
HK5LK798R1,Mobile Pay,4.04
L7NE79C68Q,Credit Card,8.73
PTX9O944X5,Apple Pay,5.28
23T4Q3VSU3,Apple Pay,4.88
W8L11XD65W,Mobile Pay,4.04
F5ER494QI9,Apple Pay,6.21
T16PG422NY,Credit Card,7.83
K6P9ZU547X,Cash,10.28
V8J12J10KE,Debit Card,7.7
K05EX568DC,Debit Card,2.61
0KM92Y32HT,Google Pay,3.81
BKEK787Q43,Debit Card,4.33
9KE85B8LT1,Mobile Pay,4.55
SHC47552ME,Google Pay,1.52
S6I9EA2D20,Google Pay,11.73
Y7B3BA1C69,Credit Card,5.79
8OM37L2B5W,Mobile Pay,3.23
XG90U750AD,Debit Card,10.24
J0E8H89XT5,Apple Pay,7.22
M5109AC0FI,Cash,7.47
2NH5ZN99J4,Debit Card,10.69
78WD6Q88CZ,Mobile Pay,12.55
5V62P3RC4P,Apple Pay,3.84
GX852P8Y1J,Mobile Pay,12.06
GQ6R61Z2V8,Cash,12.0
UXA02M7O27,Cash,1.8
3L8R455ZAV,Debit Card,10.59
8ACUS24T61,Google Pay,7.6
661YJQ42ZI,Credit Card,10.73
0A0A48JOZ3,Debit Card,8.51
P4XNS103X9,Debit Card,4.34
E3UWA3K828,Debit Card,12.19
3NL7ZH25B0,Apple Pay,12.01
X77YA1OG59,Credit Card,11.31
6N15K19YTD,Cash,5.3
EW1OX0267T,Google Pay,9.14
SH1523TXM7,Credit Card,10.83
94QFXA867M,Google Pay,5.86
967MS7R6SX,Apple Pay,3.63
D3WQU0T390,Mobile Pay,3.0
59GK20TUB6,Mobile Pay,7.99
4Y1PN383FL,Cash,11.39
74GACZ3I71,Mobile Pay,8.38
6HL92T28WI,Credit Card,12.08
55U7YX2ZP8,Cash,9.15
8LX8P7H66M,Credit Card,9.05
ME4Z95U6N9,Mobile Pay,8.0
2SB8TKA467,Apple Pay,5.42
2NE06B51HK,Apple Pay,5.14
TRPI28142R,Cash,2.41
EA0K1R87A8,Cash,3.26
3T3U6A68SZ,Mobile Pay,7.64
HS5P8U197Z,Debit Card,7.27
OOT88T39E7,Credit Card,2.1
P99J7PI6H6,Debit Card,6.85
R038TGFM70,Credit Card,2.8
42O1QOA2R4,Cash,2.08
0WV6SG7H53,Debit Card,6.12
03WF9AUW03,Google Pay,3.45
SJ4VYY8080,Cash,7.0
3QG47ZF1Z6,Credit Card,9.46
R5LDL1Q695,Google Pay,3.37
2MX6U881DA,Credit Card,6.39
W5IX9C248O,Debit Card,6.53
C14V8G46CG,Cash,2.33
IF70K06B4H,Cash,1.65
ZK8T9O2I56,Cash,9.33
G0ZJ02R05Q,Mobile Pay,8.09
79Q0C58KHH,Apple Pay,6.79
WS121EJ16W,Debit Card,9.98
0RM351R9WV,Google Pay,8.95
JUU87KB745,Apple Pay,6.89
533IVDNP16,Debit Card,11.1
23FV0LY01K,Cash,12.91
PE290A57LB,Mobile Pay,11.92
33FXJWG368,Cash,10.44
ETA4816A5V,Credit Card,5.4
W3CQG8N002,Credit Card,7.07
RR71L0IF14,Mobile Pay,7.88
L8NQ023UY5,Cash,7.21
8I043Z5TBT,Cash,8.53
5KL5K2Z92T,Debit Card,1.66
9S4U6A00OO,Debit Card,9.8
EN40R1E7O6,Mobile Pay,7.07
VBH863U49K,Apple Pay,11.61
5KQ9BZ2H88,Debit Card,8.05
782Q7KXXN9,Mobile Pay,7.3
XJS953A89Y,Cash,7.15
N6D6NF1W30,Google Pay,3.73
5H40VYMG16,Debit Card,11.72
8FRR43HN68,Credit Card,6.79
7JW4DS059N,Google Pay,7.3
J8DL23E76T,Credit Card,12.71
6TBPR1021R,Apple Pay,8.61
1QY41RN12T,Credit Card,3.4
ET9JV9270V,Debit Card,9.81
6BLN59F91H,Debit Card,9.52
B0M6U78X8X,Cash,2.53
Q1YO08R4Q6,Credit Card,6.41
Z2PM31WH41,Apple Pay,2.04
7L0RL6N4G6,Credit Card,4.48
MPM348D9K2,Apple Pay,6.05
B7K50W2EK3,Cash,6.25
YFH17642YY,Apple Pay,7.05
89W39PV7IE,Debit Card,3.41
RS8S094OI9,Credit Card,11.49
0A2JHY107T,Google Pay,8.18
JD2N5D35I5,Google Pay,10.96
7OE96NB17Q,Google Pay,9.18
D995Q99ZRK,Mobile Pay,12.54
T11U0NG7A6,Google Pay,5.0
E1LH215CH4,Apple Pay,9.77
H65AB32AX4,Apple Pay,8.4
D5DYBU3223,Debit Card,4.02
W5514MD9TR,Apple Pay,7.65
G56ZE490PS,Cash,7.1
4G07T0YL3W,Debit Card,9.96
3181JVY3AK,Credit Card,11.75
G31CJ9H71D,Mobile Pay,3.07
ES27KF38A1,Credit Card,8.09
92TETA7E58,Apple Pay,12.41
Z998SVH9C4,Credit Card,8.2
9YMUU93H94,Debit Card,8.15
9HJ3A9K77N,Mobile Pay,3.17
9EXL5QZ569,Credit Card,4.6
96T0S5NV8W,Mobile Pay,12.49
AT1G49E32G,Google Pay,3.27
O0G2B73WN5,Debit Card,2.53
277SOS29HZ,Cash,6.12
Q2CT274D0P,Cash,9.24
85K1F9SC9X,Apple Pay,7.69
1320L6LDWC,Cash,2.71
H572OD34NU,Apple Pay,11.57
0G5Q2G3ET0,Apple Pay,7.59
4II389X0WN,Cash,7.32
4VTGU135X3,Credit Card,3.76
YGT9645AS8,Google Pay,10.22
V1CAAD3900,Apple Pay,2.93
OO78V14I0V,Mobile Pay,10.12
5CV46JED36,Apple Pay,5.3
64CQ626OTY,Debit Card,11.8
S3X7CK3H43,Cash,8.08
F97TSP6Y61,Debit Card,10.37
844YQE83LH,Cash,12.73
Q530Y7QJ0D,Apple Pay,11.2
048L0BCUY7,Google Pay,2.31
R3XH616D6B,Credit Card,1.93
J6GHM566P4,Mobile Pay,9.87
3TW409M5BW,Google Pay,4.43
8D809NAGN2,Google Pay,8.54
9FEF0K99X0,Debit Card,2.42
3Y8XU504GO,Cash,6.62
98Y8R94WIK,Cash,5.59
706RPB8F4A,Credit Card,9.93
78I2FJC6C3,Credit Card,11.71
GB7H3JS210,Google Pay,6.14
S9E9Z0DI25,Debit Card,7.03
8X9PXLV674,Mobile Pay,4.32
9CA1C0BZ35,Credit Card,2.31
1O3I78P6MZ,Apple Pay,4.51
53V6IDIP10,Apple Pay,4.2
M66794QTNX,Apple Pay,9.67
QU6JJ316M2,Cash,3.92
UBUJ476L32,Debit Card,8.67
Y7U6F2U10U,Credit Card,8.85
F1J59OT76D,Credit Card,10.7
40CWW4QV49,Cash,4.35
23CL3MH1Q8,Mobile Pay,9.83
G765JRA05E,Mobile Pay,1.79
N986CG3EM1,Google Pay,3.16
J312IGM8S8,Mobile Pay,10.96
L0M78LYS37,Debit Card,8.47
Z180UWU1E5,Google Pay,5.62
ABJ55E248E,Cash,12.12
93Q18IMH5M,Cash,11.31
U576VT1UT3,Debit Card,9.89
D2062SW5LB,Mobile Pay,12.01
FE47JL861K,Apple Pay,4.07
B34Q0DD93O,Mobile Pay,2.67
QA6JA9439C,Cash,11.79
E0L11GA6P1,Apple Pay,10.52
G58D6A9M5A,Mobile Pay,10.0
M4XM2N9N03,Mobile Pay,12.22
BW30L8E4I9,Credit Card,12.73
B3SX51A7K9,Credit Card,2.14
M281VKC47L,Apple Pay,3.33
SP3KA68A58,Debit Card,1.8
GD44AE51G9,Google Pay,10.51
318DTV74SL,Google Pay,5.03
3ZE1D11ZZ2,Debit Card,3.99
01ZN0Y5L7U,Debit Card,7.93
20U4WYA6B2,Mobile Pay,1.57
S253PQ8NP5,Debit Card,5.54
21Z67J4NPU,Apple Pay,9.04
88AQUJ73P2,Credit Card,4.06
Q4G8DTR184,Debit Card,1.6
6X0T4SJ02X,Credit Card,6.84
WCS2D98R09,Google Pay,12.36
5DEU0805RQ,Mobile Pay,7.71
MHM353F06N,Apple Pay,12.45
2MF78Z99WN,Debit Card,11.0
5GQZ3310ZL,Debit Card,12.09
68T7Y18LLN,Cash,2.48
S0DB8112GY,Credit Card,5.63
R8D48K2WO3,Apple Pay,10.45
Y3A7B0U77H,Apple Pay,2.08
7EZU59AE39,Credit Card,10.11
0DC86E4OI8,Credit Card,7.82
YWG19E018K,Credit Card,6.31
5W7TE6S25T,Cash,5.84
G9V8RD54S2,Debit Card,10.56
XK0PXW6732,Mobile Pay,7.4
J8J447VK8K,Google Pay,3.39
SKW16E37F8,Apple Pay,12.67
6S8H67HOR7,Debit Card,7.73
07Z355WOHH,Credit Card,3.21
3005XJYIK7,Cash,6.14
80Z3VD2Q1E,Mobile Pay,12.26
S74VV47O8L,Apple Pay,8.46
T362Q19KNA,Debit Card,8.9
0N36J5B4GT,Apple Pay,12.03
60P3IY17JW,Apple Pay,2.38
6358U1YSKW,Google Pay,7.36
Z824P57XEY,Apple Pay,8.15
JJUW2V8153,Debit Card,7.64
X4S092ZK9N,Mobile Pay,12.16
M41TAV6N73,Google Pay,12.04
4UKW35Z6Z9,Apple Pay,11.39
8D0ZI0R2X1,Credit Card,8.23
F2W35X0OL2,Credit Card,3.95
D389OZIG97,Debit Card,11.69
35PFZ04VM1,Debit Card,10.86
DZ0V132C1Y,Google Pay,3.47
9VN9KS99K7,Google Pay,10.18
4RW353SP1J,Cash,3.09
75IHP9V1N7,Cash,4.02
RK624U0M0A,Apple Pay,10.38
76R5P6RA4G,Cash,9.84
7IH4GKK187,Mobile Pay,12.08
UJ589AY7P2,Mobile Pay,4.97
FL800QKJ80,Google Pay,7.8
413C41IRKL,Mobile Pay,9.81
XJ4KU97H27,Credit Card,8.56
S921Q0R9FR,Mobile Pay,11.16
CTG88611FY,Apple Pay,9.01
V7940L5HXT,Mobile Pay,7.31
3SGY381VK1,Debit Card,12.23
9WN52I3YE5,Mobile Pay,7.34
4700NS1GUQ,Cash,2.27
3W75IPD4J9,Google Pay,6.84
4LUO19Z63N,Mobile Pay,2.48
O6YNK97Z10,Google Pay,8.02
S7M8N7YV59,Mobile Pay,8.16
R6PT7R8T45,Cash,3.85
21X7SUW33D,Apple Pay,5.99
E48Z2AV0H4,Google Pay,10.59
BJH988L40O,Mobile Pay,7.24
6HM1N2KF36,Debit Card,6.44
TF4HF81A86,Mobile Pay,6.33
8112EAYJC8,Apple Pay,5.32
WM9G6M8R36,Credit Card,11.42
421GHUBL18,Apple Pay,11.82
79V73BPZO4,Mobile Pay,7.82
T4LP559C1W,Google Pay,3.67
PC785HF1G7,Debit Card,8.01
EKB03N3Q82,Mobile Pay,7.14
9ZU176AR0N,Google Pay,6.74
NY8KG032M5,Google Pay,10.45
ISK68W5K73,Apple Pay,8.9
4DT88FA39H,Google Pay,9.82
0UM897ZQ7I,Mobile Pay,2.59
F662V2EZC4,Debit Card,3.25
686MTVZF30,Cash,5.53
PM4T80VX36,Apple Pay,5.71
Z014IQ96UA,Cash,11.12
29C6GE09LE,Mobile Pay,8.51
W73MI6UO28,Apple Pay,3.4
560D3IT8NX,Credit Card,2.68
U41YKC59L4,Cash,1.73
U50RR4V5V8,Cash,2.35
H0005XFF5I,Cash,9.31
50FA23RLP4,Debit Card,2.96
FUY33735PE,Google Pay,10.02
14JP7YO9G8,Cash,9.17
3UKX543GV6,Cash,6.95
QE7E51B8B7,Apple Pay,6.06
YYH064KV04,Google Pay,3.17
34YNS07VE2,Cash,5.19
3A5G7V6N4P,Mobile Pay,10.79
63Q92EN5IR,Credit Card,7.69
54XU5C6GN2,Cash,8.3
77EG25UC9W,Debit Card,11.87
7056IVNG8L,Apple Pay,6.78
955ILI48OB,Debit Card,7.15
UY6Q0498EC,Mobile Pay,5.6
7TJ2HU47U0,Apple Pay,7.17
IF8N1FO402,Cash,12.83
7O2X8SQI00,Mobile Pay,7.33
61M71GJA4B,Cash,6.2
1J023PC5NM,Credit Card,10.58
03Y0J8YL9K,Debit Card,12.98
Q238LT8ZU1,Debit Card,2.88
V70V8D32NP,Cash,10.72
F27TPW6E55,Cash,6.69
K77K1XMY19,Debit Card,11.56
TX70HV3U48,Mobile Pay,9.65
6JX499M4EJ,Cash,9.08
2W80AH1NU4,Credit Card,9.56
M19H0YE67X,Cash,4.13
0T6YLV5U04,Cash,2.45
1D3YO5SB82,Credit Card,12.13
6JX2W20ZP8,Credit Card,8.09
U0G2UM88L9,Apple Pay,8.94
KT57XS4Q84,Apple Pay,9.43
JTFR28A935,Credit Card,8.88
5V221FVOU0,Debit Card,11.34
64FZH29W3X,Debit Card,7.17
L0ML087Q3A,Mobile Pay,8.09
3GQ5G3J3U6,Google Pay,11.32
139BJ7QD4P,Apple Pay,2.26
49BD5CW3S0,Google Pay,4.02
1SS3LB9S74,Apple Pay,5.8
V79PA248HZ,Google Pay,5.22
76A4BJXM92,Mobile Pay,7.39
RT3I6E811D,Debit Card,8.22
416B6MCR7Y,Mobile Pay,12.27
23Y3F2RQU4,Debit Card,12.59
3SKK55AO77,Cash,12.45
GSRS6I4257,Google Pay,1.51
O5S5ZN2Z25,Apple Pay,6.88
IA4Q26JE43,Google Pay,10.56
XEU6196SA3,Apple Pay,2.42
0AF5821EYU,Credit Card,4.77
44QJ848XDY,Cash,11.4
7ZVP315X4V,Credit Card,7.06
Y3D66NC44G,Credit Card,7.46
619NSGMT84,Mobile Pay,7.89
MV0N6X05I6,Apple Pay,5.51
X1FB734C6Q,Credit Card,2.49
7PVPU8U067,Apple Pay,2.18
88A19EC8QU,Google Pay,12.29
3NT2O76A8V,Apple Pay,10.16
H09MVN316N,Credit Card,3.71
S50W9TK84A,Cash,5.6
ZLF2850RD0,Cash,11.02
T3Z7OQ34L3,Google Pay,5.3
TZQO5231V6,Debit Card,3.22
2ZE3WEW442,Google Pay,9.13
2Y364XNA0W,Google Pay,7.31
DCW3A9443Z,Mobile Pay,7.26
TD8OEN1646,Apple Pay,4.67
GO0VL0548L,Google Pay,9.48
YH40R7AU80,Debit Card,9.17
F45WRXD134,Mobile Pay,12.27
309UZOH81A,Cash,7.18
M76SES853Q,Apple Pay,6.51
M633L4UMS7,Apple Pay,11.71
S9FQ743C3K,Debit Card,2.97
7HQ38WS26B,Credit Card,11.53
850RX7AEX3,Debit Card,3.98
NV5VBA8852,Credit Card,2.72
376IKG6VH1,Cash,11.03
S91LOSS233,Google Pay,8.04
2L25KFN3H8,Debit Card,2.73
47PUV19XM7,Mobile Pay,2.96
1FV756E5SJ,Credit Card,10.88
EE7U636H2H,Debit Card,10.49
8VK00JCK96,Cash,9.1
I1RP496RV4,Credit Card,2.43
3W8EUR34U3,Debit Card,12.93
QL85G341FD,Apple Pay,5.16
U2708WQ0HR,Apple Pay,3.28
X1F920T7DV,Credit Card,7.85
1R5RTST443,Cash,4.15
9G22MCNH30,Credit Card,10.45
579QGVN26K,Google Pay,6.83
V8LM87A60Z,Credit Card,6.74
N0WV06Y48C,Debit Card,2.89
12U9HHDH76,Google Pay,4.9
2784ICTPE9,Google Pay,4.52
G2ON74G16G,Mobile Pay,12.21
5A8FWX6W67,Mobile Pay,7.56
5YN976H4XH,Cash,7.41
N103IDW7C4,Apple Pay,10.15
OIU6O05A53,Credit Card,12.41
10O5MGHS30,Google Pay,12.08
83YAFFQ276,Apple Pay,8.42
TN9539KLY7,Debit Card,6.98
7V8OS55OR4,Cash,2.41
15CAB8G53Z,Apple Pay,2.84
Y6W700QPT4,Credit Card,2.31
Z3EV250BO7,Apple Pay,7.45
UI5V6E3P64,Apple Pay,8.68
5Z1930OJTT,Debit Card,1.77
DA5F07L12T,Credit Card,3.04
W5DWZ934X8,Debit Card,2.57
4FPI64X7R5,Cash,8.43
RTD9N7K867,Debit Card,2.65
R13F13KN2Q,Credit Card,1.58
J6I508NM0P,Debit Card,7.72
9TI3W4M10X,Apple Pay,9.58
5CGG48OW23,Apple Pay,11.78
LT3658MSI8,Google Pay,10.51
BZ24EI9J70,Mobile Pay,2.87
UO5D406YO1,Credit Card,7.85
02JPK617AM,Apple Pay,9.79
FBY4O6608T,Google Pay,7.31
38O4LHI1B2,Mobile Pay,12.84
R4WJ65L97A,Credit Card,9.04
5SYW49UY55,Credit Card,5.38
64M5TPMH56,Google Pay,11.73
VD331CMP44,Credit Card,9.78
A573HBMD89,Google Pay,12.11
PD1678BK9A,Credit Card,2.26
U9NA8U039D,Debit Card,9.69
JRMW95T012,Mobile Pay,10.92
9JSM3D71B7,Cash,2.42
HTY47O38A3,Debit Card,6.37
210S9FOLY0,Google Pay,3.64
GC2P3K26E4,Cash,8.36
9OXA1Z532I,Cash,5.9
MO2M767P7I,Debit Card,5.59
8PY4Y361YJ,Apple Pay,2.7
151LMVD34L,Mobile Pay,3.33
B6B48D2A6P,Debit Card,9.59
4NM1P1O6Y8,Google Pay,3.11
K6IZP6143J,Debit Card,8.74
H81HJ1ZH81,Mobile Pay,12.79
6OX5H0P8S9,Google Pay,1.65
D5KK92G32X,Debit Card,9.18
TZ26E125QX,Credit Card,10.76
32K2G4JL1X,Google Pay,11.95
V1JC4137UV,Google Pay,4.05
3W7R2CH68I,Apple Pay,9.14
228YD89API,Cash,4.93
R6830M4YXK,Debit Card,2.66
SX2881A5AT,Apple Pay,9.92
0A179GLHQ2,Debit Card,11.27
47AP56ALF4,Credit Card,9.62
7D2YSF742J,Apple Pay,8.5
U0Z7B625TA,Credit Card,10.78
P9B624PCA6,Apple Pay,12.33
SUS3O6462H,Credit Card,8.66
B6MI792H4A,Cash,10.68
Q084U4PLH7,Apple Pay,2.27
R3GD53SY76,Cash,9.06
QP63U48M2X,Mobile Pay,12.22
O2T9VYV103,Google Pay,4.75
0U13WDH1G2,Debit Card,10.55
0C1M2N3ZP2,Google Pay,6.8
R01F7XM64W,Apple Pay,8.74
RK61H000LE,Google Pay,4.78
392DE60WTJ,Google Pay,2.13
OVJ971QX61,Debit Card,11.74
JD5N49CO34,Google Pay,2.42
S5SH175CW6,Apple Pay,6.46
BN3820VF5B,Credit Card,6.21
PV340ZUR95,Debit Card,12.34
5GX279A6LK,Google Pay,7.57
163JWD20YM,Credit Card,10.57
L540J7H6GO,Debit Card,2.42
