machine_ID,Status,purchase_Date
VM7047,functional,2021-02-13
VM8831,repair,2022-04-21
VM6723,functional,2020-02-12
VM6574,functional,2024-02-08
VM8865,decommissioned,2020-01-30
VM1129,functional,2025-07-25
VM7772,functional,2020-06-17
VM2938,decommissioned,2020-11-16
VM9267,decommissioned,2020-05-31
VM2548,decommissioned,2021-08-07
VM4928,decommissioned,2023-08-26
VM6515,functional,2023-11-15
VM4209,functional,2021-08-09
VM6835,repair,2021-09-08
VM9052,repair,2023-08-18
VM9382,repair,2023-12-11
VM1426,decommissioned,2023-03-07
VM8215,repair,2020-07-10
VM9889,functional,2020-11-27
VM6437,repair,2024-10-17
VM1629,decommissioned,2024-11-27
VM5128,decommissioned,2025-02-26
VM8513,functional,2020-09-10
VM7281,decommissioned,2023-07-26
VM3820,functional,2020-09-01
VM5872,functional,2023-05-18
VM6711,repair,2024-05-03
VM7997,repair,2023-03-04
VM3617,functional,2020-08-05
VM8250,functional,2021-08-02
VM3564,decommissioned,2020-11-25
VM9653,repair,2021-07-17
VM7682,decommissioned,2020-12-02
VM9765,functional,2025-05-15
VM6257,repair,2024-05-30
VM2913,repair,2022-02-10
VM8431,decommissioned,2023-03-18
VM7448,functional,2023-07-16
VM7299,functional,2022-08-11
VM2682,repair,2022-08-23
VM1234,decommissioned,2021-05-17
VM6977,functional,2021-01-01
VM9740,decommissioned,2020-07-08
VM6502,repair,2023-12-05
VM3738,functional,2025-01-14
VM8634,functional,2025-09-06
VM1700,decommissioned,2020-04-30
VM8106,functional,2024-03-16
VM9272,functional,2025-06-09
VM3767,decommissioned,2023-01-06
VM5850,functional,2023-06-26
VM6984,repair,2022-08-17
VM4934,decommissioned,2023-08-18
VM8015,decommissioned,2025-06-18
VM4822,decommissioned,2020-12-09
VM3307,functional,2020-08-25
VM3994,repair,2021-09-06
VM7045,functional,2024-03-21
VM2521,decommissioned,2021-01-25
VM5844,decommissioned,2020-04-29
VM5352,functional,2022-07-20
VM5917,decommissioned,2021-02-14
VM9260,functional,2024-12-11
VM3574,repair,2022-01-09
VM2348,repair,2022-04-25
VM1505,functional,2021-07-14
VM2095,decommissioned,2022-05-09
VM5459,repair,2025-07-02
VM5499,decommissioned,2021-05-03
VM7880,repair,2025-10-07
VM2223,functional,2025-07-16
VM9939,repair,2022-07-18
VM4058,repair,2022-10-04
VM3876,decommissioned,2024-08-30
VM5053,functional,2024-08-28
VM8785,functional,2021-07-05
VM7272,decommissioned,2021-09-09
VM9490,repair,2023-11-29
VM4752,decommissioned,2023-11-03
VM1517,functional,2023-01-31
VM1979,functional,2023-03-09
VM1533,decommissioned,2024-05-08
VM7853,decommissioned,2025-03-27
VM8096,repair,2023-07-24
VM8376,repair,2020-10-04
VM8695,repair,2024-06-03
VM1136,decommissioned,2023-05-07
VM1487,repair,2021-01-18
VM3783,functional,2021-07-11
VM1731,decommissioned,2024-02-27
VM2151,functional,2021-04-09
VM3383,decommissioned,2023-10-11
VM4946,decommissioned,2022-01-14
VM6204,functional,2022-11-03
VM9456,decommissioned,2022-11-01
VM5139,repair,2025-10-03
VM5226,repair,2023-02-14
VM5380,repair,2024-11-24
VM5674,functional,2021-03-12
VM7355,decommissioned,2021-09-15
VM3671,decommissioned,2023-11-29
VM4006,decommissioned,2022-09-29
VM2667,repair,2022-06-15
VM5763,functional,2022-06-09
VM7212,decommissioned,2023-08-09
VM4073,repair,2024-03-29
VM5789,functional,2023-07-19
VM7719,functional,2023-08-29
VM6525,decommissioned,2021-07-12
VM6871,functional,2023-09-16
VM5969,repair,2023-11-15
VM8266,repair,2025-06-20
VM1283,decommissioned,2021-03-18
VM1411,repair,2024-11-15
VM1466,repair,2023-04-26
VM6564,functional,2020-05-23
VM3430,decommissioned,2022-04-16
VM3056,repair,2024-03-29
VM5204,repair,2025-09-11
VM1403,decommissioned,2020-02-04
VM6934,repair,2024-07-01
VM4524,decommissioned,2024-09-08
VM3298,functional,2020-04-27
VM7621,decommissioned,2022-06-17
VM4193,functional,2020-12-30
VM9317,decommissioned,2020-01-23
VM5090,functional,2021-05-03
VM9781,functional,2025-07-12
VM4657,functional,2022-04-26
VM9170,repair,2025-05-21
VM8273,functional,2023-03-15
VM8121,decommissioned,2021-01-13
VM4465,decommissioned,2021-03-02
VM4734,repair,2020-04-21
VM9211,decommissioned,2024-09-20
VM9587,functional,2025-04-21
VM5023,decommissioned,2022-01-30
VM1128,functional,2023-12-30
VM9757,decommissioned,2022-12-06
VM2008,repair,2021-06-04
VM7934,functional,2025-09-17
VM8119,repair,2024-07-22
VM8648,decommissioned,2022-09-24
VM3898,functional,2025-09-24
VM9943,functional,2024-06-12
VM4070,functional,2020-12-23
VM3475,repair,2023-03-03
VM7165,repair,2021-07-20
VM7063,functional,2021-10-18
VM6747,repair,2022-08-01
VM9235,repair,2025-04-05
VM5403,functional,2020-07-27
VM5266,repair,2025-01-18
VM8399,decommissioned,2023-02-05
VM8370,functional,2025-09-19
VM3987,repair,2020-10-15
VM4409,functional,2021-10-24
VM2665,repair,2021-09-07
VM1203,repair,2022-11-25
VM7999,decommissioned,2023-11-05
VM9852,decommissioned,2022-11-07
VM8357,decommissioned,2025-10-29
VM2497,functional,2020-05-09
VM9636,repair,2021-01-30
VM3450,repair,2020-12-04
VM7978,functional,2023-07-06
VM4443,decommissioned,2023-07-31
VM6155,decommissioned,2022-03-20
VM9408,functional,2021-09-27
VM2927,functional,2022-02-09
VM5900,functional,2023-11-30
VM3602,decommissioned,2023-12-22
VM2100,decommissioned,2022-07-22
VM7898,repair,2022-07-19
VM7638,decommissioned,2024-08-20
VM4923,decommissioned,2023-09-27
VM9577,repair,2025-03-12
VM3226,repair,2023-09-18
VM9394,repair,2025-08-22
VM3630,decommissioned,2025-05-15
VM5086,functional,2020-09-04
VM9652,decommissioned,2022-06-11
VM7326,decommissioned,2024-11-03
VM1865,repair,2024-05-08
VM7910,decommissioned,2021-01-14
VM2871,repair,2021-01-18
VM4069,decommissioned,2020-11-19
VM1997,decommissioned,2025-02-01
VM5336,repair,2025-11-05
VM1708,decommissioned,2024-02-14
VM9076,decommissioned,2024-05-04
VM1483,decommissioned,2025-01-23
VM8622,repair,2025-05-21
VM4311,decommissioned,2022-04-02
VM1174,decommissioned,2024-01-29
VM6300,decommissioned,2025-01-13
VM7314,decommissioned,2021-11-13
VM7420,functional,2022-01-01
VM7933,decommissioned,2023-11-17
VM9289,repair,2022-08-29
VM9482,functional,2021-03-14
VM8162,functional,2021-11-24
VM2890,decommissioned,2024-02-14
VM9910,functional,2025-04-26
VM7684,functional,2021-02-16
VM3263,repair,2020-02-01
VM3901,decommissioned,2021-08-02
VM1756,repair,2020-10-29
VM2773,repair,2020-09-22
VM6216,decommissioned,2023-11-11
VM8267,functional,2023-11-10
VM6935,repair,2022-10-02
VM5444,functional,2025-09-13
VM3347,repair,2025-09-13
VM5986,repair,2022-04-03
VM9193,repair,2024-03-21
VM8293,functional,2022-06-06
VM1101,repair,2021-07-30
VM4663,functional,2020-10-03
VM5803,repair,2020-04-12
VM8926,repair,2024-07-19
VM1780,decommissioned,2024-10-24
VM6354,decommissioned,2022-05-03
VM7672,repair,2024-04-09
VM4930,repair,2025-07-12
VM8495,repair,2024-02-16
VM6145,decommissioned,2020-07-20
VM2704,functional,2024-08-24
VM4028,functional,2020-02-05
VM8654,functional,2024-03-29
VM7156,repair,2024-04-13
VM8454,decommissioned,2023-02-11
VM2978,functional,2020-08-31
VM2484,decommissioned,2021-06-20
VM3058,decommissioned,2022-02-27
VM6022,functional,2020-06-18
VM7834,functional,2025-09-04
VM9954,repair,2024-12-13
VM8309,repair,2025-08-27
VM4594,decommissioned,2025-09-07
VM9640,repair,2024-06-18
VM1321,functional,2022-03-22
VM7456,decommissioned,2021-01-12
VM7646,decommissioned,2021-09-01
VM9224,repair,2020-08-28
VM1279,repair,2022-11-29
VM2810,functional,2021-02-18
VM8595,decommissioned,2023-02-08
VM9969,repair,2021-04-13
VM6653,repair,2024-09-10
VM9120,repair,2020-03-16
VM6087,repair,2025-06-16
VM3631,repair,2025-03-30
VM5981,functional,2020-06-21
VM5951,decommissioned,2024-08-06
VM4102,functional,2020-07-20
VM7408,functional,2021-05-20
VM4097,functional,2020-03-12
VM5519,functional,2025-03-26
VM7861,functional,2023-08-03
VM2924,decommissioned,2024-03-17
VM9803,functional,2023-09-30
VM9697,decommissioned,2022-01-05
VM1275,functional,2024-12-01
VM2363,repair,2022-07-08
VM4147,repair,2025-10-18
VM2054,repair,2025-01-12
VM4763,repair,2020-09-17
VM8126,repair,2024-01-03
VM8953,repair,2021-12-09
VM1152,decommissioned,2024-04-06
VM1083,decommissioned,2025-02-08
VM3765,repair,2023-06-06
VM9596,repair,2023-10-20
VM9421,repair,2023-07-25
VM1984,decommissioned,2020-03-13
VM4346,repair,2025-09-16
VM1710,functional,2023-07-21
VM7955,decommissioned,2025-10-28
VM8154,decommissioned,2021-04-07
VM8281,repair,2022-04-09
VM4703,decommissioned,2024-06-19
VM7294,decommissioned,2023-06-22
VM6932,functional,2024-12-04
VM8450,functional,2021-12-29
VM8784,repair,2022-10-27
VM4882,decommissioned,2024-11-26
VM1030,functional,2020-06-24
VM3340,decommissioned,2023-06-07
VM4395,repair,2024-10-07
VM3517,decommissioned,2023-01-18
VM4392,functional,2023-09-29
VM6912,functional,2022-05-03
VM3481,decommissioned,2022-11-21
VM3778,decommissioned,2021-02-19
VM1815,functional,2025-04-17
VM1097,decommissioned,2024-09-04
VM6527,functional,2022-05-20
VM3382,decommissioned,2025-03-15
VM8509,decommissioned,2021-03-06
VM6429,functional,2023-08-07
VM1423,repair,2022-07-27
VM9164,decommissioned,2024-10-26
VM3714,decommissioned,2024-01-04
VM9024,functional,2025-05-31
VM2675,repair,2022-09-23
VM4798,functional,2022-06-07
VM8109,decommissioned,2023-11-19
VM3917,decommissioned,2022-05-17
VM3937,functional,2023-02-06
VM1130,functional,2024-06-05
VM1226,functional,2022-10-24
VM7902,decommissioned,2025-06-20
VM3925,repair,2020-10-14
VM6041,functional,2024-01-21
VM5546,repair,2020-09-07
VM8118,decommissioned,2025-10-04
VM3271,functional,2022-01-04
VM3318,decommissioned,2025-04-16
VM2812,repair,2024-01-09
VM4242,decommissioned,2023-10-16
VM2538,decommissioned,2023-12-18
VM1525,functional,2021-03-15
VM4684,decommissioned,2025-02-15
VM4880,repair,2025-04-11
VM5061,repair,2023-01-18
VM4835,functional,2024-11-14
VM8639,decommissioned,2023-07-16
VM4975,repair,2023-12-10
VM4977,functional,2025-10-21
VM2558,decommissioned,2022-10-07
VM3696,decommissioned,2020-01-08
VM8853,functional,2022-06-08
VM8496,functional,2023-09-03
VM2543,functional,2022-04-25
VM6454,functional,2020-11-18
VM5223,functional,2024-11-18
VM4108,decommissioned,2024-08-19
VM6298,functional,2021-10-13
VM5977,repair,2020-10-06
VM9106,functional,2021-09-30
VM1854,repair,2020-02-27
VM2684,decommissioned,2022-02-24
VM2488,decommissioned,2020-01-23
VM4674,repair,2020-10-13
VM5829,functional,2021-10-26
VM9212,functional,2025-01-13
VM5182,functional,2021-05-16
VM6532,functional,2025-07-30
VM8031,functional,2022-03-18
VM9290,repair,2024-06-17
VM1648,decommissioned,2021-08-20
VM1049,repair,2024-08-25
VM7563,decommissioned,2023-03-04
VM4905,decommissioned,2021-11-27
VM4123,functional,2025-02-22
VM8763,functional,2023-02-15
VM4862,repair,2020-04-25
VM3613,functional,2025-05-25
VM9813,decommissioned,2022-12-24
VM7233,repair,2022-09-15
VM5774,functional,2025-11-08
VM5567,repair,2022-06-19
VM2220,repair,2020-03-19
VM9262,functional,2024-01-06
VM7121,functional,2023-02-24
VM8002,repair,2024-04-28
VM5918,repair,2023-12-04
VM3534,repair,2023-06-26
VM7857,repair,2023-08-24
VM9367,functional,2025-05-15
VM7018,repair,2022-01-26
VM5752,decommissioned,2022-06-04
VM2257,repair,2021-08-11
VM2099,decommissioned,2023-09-12
VM1823,decommissioned,2024-10-30
VM3878,decommissioned,2022-10-06
VM6716,repair,2024-05-23
VM1743,repair,2020-03-20
VM9060,functional,2021-04-10
VM4202,functional,2021-05-04
VM2321,functional,2020-11-12
VM7587,repair,2025-06-25
VM2103,repair,2021-02-24
VM2685,repair,2024-03-10
VM4317,functional,2020-09-13
VM5583,decommissioned,2022-04-24
VM5285,repair,2021-07-29
VM5924,functional,2021-05-24
VM8331,repair,2022-06-03
VM7736,functional,2021-11-19
VM3933,functional,2024-07-05
VM5344,repair,2024-05-29
VM5967,functional,2024-07-01
VM2200,repair,2020-11-06
VM7439,functional,2020-06-11
VM3408,functional,2025-03-14
VM8581,functional,2022-03-10
VM5622,functional,2021-04-23
VM5287,repair,2022-04-09
VM8362,functional,2023-04-27
VM9900,functional,2024-11-11
VM2760,repair,2020-06-23
VM3406,functional,2023-12-26
VM5735,decommissioned,2021-11-27
VM4206,repair,2020-07-22
VM8757,functional,2024-10-03
VM9389,decommissioned,2022-08-26
VM6631,functional,2021-09-21
VM5456,functional,2021-10-17
VM3172,repair,2025-02-02
VM4494,repair,2021-01-23
VM6581,decommissioned,2025-08-24
VM5420,repair,2021-08-16
VM8796,decommissioned,2022-04-30
VM3291,decommissioned,2024-07-19
VM6768,functional,2024-06-21
VM7807,functional,2025-03-18
VM6860,decommissioned,2023-03-13
VM2114,repair,2021-07-20
VM6308,functional,2021-06-26
VM6606,repair,2020-09-02
VM5271,decommissioned,2020-01-02
VM3217,functional,2020-12-02
VM6400,functional,2023-08-24
VM1592,repair,2025-01-10
VM9681,repair,2020-06-07
VM9669,repair,2023-07-12
VM8042,repair,2022-08-09
VM9155,functional,2022-07-24
VM2025,repair,2020-05-09
VM3744,functional,2023-07-25
VM1404,functional,2024-04-16
VM3277,functional,2021-02-19
VM1877,decommissioned,2024-08-26
VM5840,functional,2024-01-04
VM6551,repair,2020-05-21
VM1845,decommissioned,2021-08-18
VM7553,repair,2022-03-30
VM1153,functional,2021-06-22
VM2949,functional,2020-12-07
VM6052,functional,2022-08-28
VM1712,repair,2025-05-28
VM4241,decommissioned,2023-10-12
VM5815,functional,2021-10-21
VM8761,repair,2023-08-31
VM6496,functional,2020-09-03
VM8562,repair,2023-10-02
VM5166,functional,2024-06-18
VM1115,functional,2024-11-22
VM5641,repair,2022-09-17
VM2518,repair,2024-05-22
VM7841,decommissioned,2022-07-04
VM3243,repair,2021-06-01
VM5029,decommissioned,2024-04-29
VM1009,functional,2025-08-02
VM6652,functional,2025-06-28
VM2292,functional,2023-12-10
VM4742,repair,2021-02-17
VM2563,decommissioned,2022-03-04
VM7451,decommissioned,2024-12-24
VM2284,repair,2020-03-22
VM4169,repair,2022-05-10
VM5902,decommissioned,2021-05-02
VM2878,decommissioned,2020-12-11
VM6492,functional,2020-10-10
VM5572,functional,2020-04-04
VM1901,repair,2023-06-07
VM1058,decommissioned,2024-01-17
VM9744,decommissioned,2023-12-06
VM3044,repair,2020-02-02
VM4024,functional,2021-12-31
VM2350,repair,2024-09-12
VM5183,repair,2021-01-30
VM9046,decommissioned,2022-03-18
VM7582,repair,2022-11-24
VM2968,repair,2020-12-13
VM8711,decommissioned,2020-06-26
VM8401,functional,2024-07-21
VM4598,decommissioned,2025-04-05
VM1291,decommissioned,2021-12-18
VM8580,functional,2020-02-01
VM1799,functional,2023-01-23
VM3399,repair,2025-11-21
VM2647,functional,2022-02-12
VM6540,decommissioned,2022-11-11
VM4708,repair,2021-07-08
VM8246,repair,2023-07-12
VM2228,repair,2024-06-23
VM5367,functional,2023-05-11
VM7304,repair,2021-02-04
VM7731,decommissioned,2024-10-09
VM1418,decommissioned,2022-11-13
VM4057,functional,2022-09-22
VM1388,functional,2023-07-24
VM4088,repair,2023-07-21
VM2768,repair,2025-09-18
VM2814,repair,2021-08-31
VM8084,functional,2020-11-24
VM7733,decommissioned,2022-12-22
VM6207,decommissioned,2025-03-28
VM1876,repair,2022-12-28
VM7327,repair,2024-05-26
VM6657,decommissioned,2020-01-09
VM9358,repair,2024-02-23
VM7964,functional,2023-07-19
VM9113,functional,2021-05-24
VM8812,functional,2025-10-03
VM1742,functional,2024-02-21
VM7620,functional,2023-10-06
VM1165,repair,2024-05-04
VM8830,functional,2020-07-10
VM5963,functional,2024-12-30
VM9583,functional,2022-01-17
VM9104,repair,2021-01-28
VM1646,repair,2020-12-19
VM8277,functional,2024-07-09
VM9870,repair,2024-10-17
VM8457,functional,2021-09-03
VM3588,repair,2022-02-12
VM1563,decommissioned,2022-12-13
VM8414,repair,2023-06-21
VM6641,decommissioned,2025-01-03
VM2341,functional,2025-06-01
VM7970,decommissioned,2021-09-13
VM4021,repair,2022-10-28
VM2058,repair,2023-10-26
VM7257,functional,2022-10-17
VM5781,repair,2023-06-03
VM1607,decommissioned,2025-11-01
VM4350,decommissioned,2022-07-16
VM9291,decommissioned,2021-11-09
VM9061,decommissioned,2021-02-10
VM7565,functional,2023-04-21
VM2017,functional,2021-08-11
VM1689,decommissioned,2022-12-23
VM4797,decommissioned,2021-04-04
VM7530,decommissioned,2021-11-25
VM8360,functional,2022-08-24
VM2775,functional,2023-02-02
VM6326,functional,2023-04-17
VM9795,decommissioned,2024-01-23
VM7208,repair,2025-08-21
VM5860,repair,2022-11-19
VM2141,repair,2024-10-14
VM3424,decommissioned,2024-06-24
VM6342,decommissioned,2025-02-28
VM7101,repair,2022-03-13
VM4872,functional,2025-03-25
VM6355,functional,2025-10-26
VM2896,repair,2021-04-17
VM1930,repair,2020-10-06
VM4082,functional,2025-07-08
VM2168,functional,2022-07-09
VM6246,decommissioned,2025-04-16
VM8600,repair,2022-05-01
VM4570,decommissioned,2024-11-28
VM9624,repair,2020-07-18
VM1227,repair,2020-11-05
VM7277,decommissioned,2022-02-02
VM6622,decommissioned,2020-01-07
VM2590,decommissioned,2023-10-07
VM8038,decommissioned,2020-11-09
VM1111,repair,2025-06-18
VM8854,repair,2022-08-03
VM8269,functional,2025-07-13
VM3141,repair,2022-10-20
VM7422,decommissioned,2021-09-07
VM1928,functional,2021-06-21
VM4981,repair,2022-01-14
VM7653,repair,2023-07-30
VM6946,decommissioned,2021-10-23
VM8592,functional,2024-04-10
VM6823,decommissioned,2024-09-21
VM7125,decommissioned,2024-01-22
VM7633,repair,2021-09-04
VM9598,functional,2023-08-11
VM7167,functional,2025-10-14
VM4402,functional,2025-04-14
VM3470,functional,2021-06-03
VM4741,repair,2023-12-17
VM8824,functional,2025-09-25
VM8100,decommissioned,2022-05-23
VM2993,repair,2024-08-01
VM5942,repair,2024-04-14
VM8615,repair,2024-07-10
VM9863,functional,2020-08-20
VM6533,decommissioned,2020-01-05
VM7596,repair,2025-06-08
VM5350,decommissioned,2020-02-17
VM9093,functional,2020-08-27
VM2567,functional,2022-03-06
VM4298,functional,2022-02-27
VM5175,decommissioned,2021-03-19
VM9544,repair,2020-12-01
VM9797,functional,2021-11-27
VM6226,decommissioned,2024-02-12
VM5179,functional,2022-04-01
VM4261,decommissioned,2021-12-02
VM1443,functional,2024-02-29
VM9975,decommissioned,2022-08-29
VM7280,functional,2020-08-11
VM9436,decommissioned,2020-03-07
VM9142,repair,2022-09-10
VM1451,functional,2025-08-17
VM3800,repair,2020-11-29
VM3407,decommissioned,2022-07-11
VM3798,decommissioned,2021-05-02
VM7788,repair,2023-08-08
VM5422,functional,2025-05-25
VM6990,decommissioned,2022-10-30
VM3454,repair,2024-10-15
VM6271,functional,2021-10-10
VM8573,functional,2023-01-19
VM2439,repair,2021-06-09
VM8575,functional,2021-10-31
VM8429,functional,2022-05-27
VM9461,functional,2025-05-15
VM6552,functional,2023-05-09
VM2867,functional,2023-05-21
VM6222,decommissioned,2022-07-15
VM8319,functional,2020-09-18
VM4704,decommissioned,2023-08-14
VM2595,repair,2025-08-17
VM4085,functional,2023-04-08
VM9418,repair,2021-02-02
VM2085,functional,2025-03-18
VM8818,functional,2022-06-09
VM8078,functional,2022-04-11
VM8510,functional,2025-09-23
VM1822,decommissioned,2023-02-12
VM3605,repair,2022-08-26
VM2758,repair,2023-06-28
VM7436,decommissioned,2020-09-25
VM7581,decommissioned,2024-10-28
VM1155,functional,2025-02-07
VM4177,repair,2020-12-12
VM9471,functional,2024-11-29
VM2334,repair,2022-03-16
VM3093,repair,2022-07-15
VM1893,decommissioned,2024-09-06
VM8371,decommissioned,2021-03-22
VM5439,functional,2020-04-12
VM6642,functional,2025-01-25
VM6568,decommissioned,2025-01-23
VM1737,functional,2022-08-22
VM8512,repair,2025-08-13
VM8659,decommissioned,2024-05-19
VM9348,functional,2025-06-26
VM6107,repair,2023-05-01
VM4475,decommissioned,2024-04-29
VM6000,repair,2020-05-28
VM8523,functional,2024-05-04
VM4979,functional,2025-08-23
VM2177,functional,2022-08-28
VM3322,repair,2020-09-25
VM4545,decommissioned,2022-12-06
VM5009,functional,2025-10-14
VM5006,decommissioned,2023-07-27
VM5558,repair,2022-09-06
VM4518,repair,2022-05-29
VM9561,decommissioned,2021-06-03
VM1838,functional,2022-12-25
VM5141,functional,2024-01-02
VM6846,decommissioned,2021-08-19
VM8678,functional,2023-07-03
VM3377,functional,2022-02-28
VM1175,decommissioned,2021-12-31
VM6919,repair,2025-03-22
VM6897,repair,2021-02-25
VM5159,decommissioned,2024-06-04
VM6827,decommissioned,2024-10-03
VM6745,decommissioned,2021-09-04
VM2358,functional,2025-01-16
VM4579,decommissioned,2021-12-09
VM6285,repair,2021-04-17
VM1216,repair,2022-07-19
VM3334,repair,2025-02-06
VM1586,decommissioned,2020-07-13
VM4987,functional,2023-01-11
VM6998,repair,2025-03-20
VM7716,repair,2021-05-12
VM2513,functional,2023-01-12
VM6550,functional,2025-07-16
VM6218,decommissioned,2025-01-29
VM3077,decommissioned,2021-12-31
VM6965,decommissioned,2023-03-26
VM8657,repair,2024-06-08
VM3014,functional,2024-07-12
VM4297,functional,2021-10-28
VM1362,decommissioned,2022-12-19
VM4391,repair,2023-03-11
VM4676,repair,2025-07-02
VM5339,repair,2020-11-20
VM1538,functional,2022-03-05
VM2097,functional,2025-08-10
VM1662,functional,2025-01-22
VM1452,functional,2021-06-11
VM8667,functional,2022-08-31
VM6937,functional,2025-04-23
VM2106,decommissioned,2021-08-01
VM1889,repair,2021-07-07
VM9802,functional,2022-03-04
VM5232,repair,2023-05-18
VM8825,decommissioned,2022-08-05
VM8044,decommissioned,2025-01-08
VM7068,repair,2020-08-22
VM2267,decommissioned,2021-05-12
VM8780,repair,2021-10-14
VM1360,repair,2023-04-21
VM3464,functional,2020-08-12
VM6587,repair,2020-03-14
VM1043,decommissioned,2020-08-04
VM9908,decommissioned,2023-03-28
VM1632,functional,2023-12-24
VM7012,decommissioned,2022-12-04
VM7127,repair,2025-10-20
VM2842,functional,2021-03-19
VM6844,decommissioned,2021-01-13
VM3327,decommissioned,2023-11-29
VM1881,functional,2020-01-15
VM3231,decommissioned,2021-03-11
VM3309,functional,2021-05-26
VM8710,repair,2025-11-01
VM1456,repair,2021-07-23
VM2428,decommissioned,2020-02-02
VM9451,functional,2024-11-27
VM9727,functional,2023-08-07
VM1207,decommissioned,2021-11-24
VM4920,decommissioned,2020-08-07
VM4396,functional,2020-06-19
VM3205,repair,2025-10-04
VM5494,repair,2024-08-31
VM7122,repair,2022-10-29
VM8324,repair,2021-04-19
VM1294,decommissioned,2023-08-11
VM3492,functional,2025-03-01
VM9971,repair,2023-05-04
VM1968,functional,2023-09-12
VM1496,functional,2022-10-01
VM9241,repair,2024-10-08
VM7283,functional,2021-10-12
VM5475,functional,2021-12-08
VM3402,functional,2020-10-02
VM1189,decommissioned,2020-05-26
VM6112,functional,2024-07-13
VM3974,decommissioned,2024-04-30
VM6709,repair,2024-08-03
VM9243,functional,2023-11-30
VM9816,repair,2024-08-14
VM8433,functional,2020-02-18
VM4548,repair,2021-09-02
VM7717,repair,2024-02-15
VM2639,functional,2023-03-08
VM3034,repair,2023-06-17
VM4135,repair,2021-08-31
VM5571,decommissioned,2023-04-02
VM1846,decommissioned,2023-06-18
VM4988,decommissioned,2023-02-18
VM4686,decommissioned,2023-10-26
VM2221,decommissioned,2024-11-16
VM7597,decommissioned,2024-04-20
VM7033,decommissioned,2025-06-03
VM4313,functional,2024-12-15
VM4514,functional,2021-07-30
VM2158,decommissioned,2023-05-24
VM3803,functional,2025-01-07
VM5286,repair,2023-08-27
VM3042,repair,2022-04-10
VM9023,decommissioned,2025-10-03
VM9567,decommissioned,2020-01-12
VM7042,repair,2024-09-15
VM7104,repair,2021-10-19
VM8863,repair,2024-05-17
VM5324,repair,2020-02-09
VM5151,repair,2020-09-10
VM9547,repair,2020-05-17
VM4828,decommissioned,2023-11-12
VM5056,decommissioned,2025-08-29
VM5680,repair,2022-12-09
VM4640,functional,2022-03-14
VM3221,functional,2023-12-25
VM3013,repair,2023-11-03
VM2524,decommissioned,2021-11-10
VM4479,decommissioned,2023-03-29
VM4753,decommissioned,2023-06-14
VM1569,repair,2021-02-22
VM8437,functional,2021-03-26
VM4658,repair,2024-05-13
VM4196,functional,2023-01-11
VM9584,repair,2021-10-20
VM5256,decommissioned,2020-09-03
VM5970,decommissioned,2020-08-08
VM1209,repair,2023-01-21
VM3903,repair,2024-12-19
VM8412,functional,2021-06-09
VM8159,functional,2021-01-05
VM7483,repair,2024-11-24
VM5078,functional,2023-07-04
VM7868,decommissioned,2024-05-02
VM5458,decommissioned,2021-09-02
VM8507,decommissioned,2024-03-21
VM3992,functional,2021-03-03
VM7231,repair,2024-04-07
VM4140,repair,2023-12-12
VM2116,repair,2023-12-14
VM2989,functional,2023-03-01
VM2803,repair,2025-01-28
VM6762,decommissioned,2021-10-04
VM7399,repair,2020-01-09
VM1429,repair,2024-05-13
VM2183,decommissioned,2024-12-14
VM4289,functional,2025-08-29
VM4996,repair,2020-06-13
VM4327,repair,2022-05-07
VM2075,decommissioned,2024-06-20
VM3659,repair,2025-11-01
VM5022,decommissioned,2022-04-02
VM1041,functional,2020-03-21
VM2111,decommissioned,2022-07-28
VM5251,repair,2024-03-16
VM1542,decommissioned,2022-05-31
VM2975,functional,2021-05-14
VM8917,decommissioned,2025-06-28
VM5841,repair,2023-12-08
VM2332,decommissioned,2022-12-21
VM5447,functional,2024-05-01
VM6118,repair,2023-12-30
VM3900,decommissioned,2022-02-23
VM7452,functional,2021-04-21
VM9626,repair,2025-03-14
VM5158,decommissioned,2021-02-18
VM7113,functional,2022-12-12
VM9550,functional,2024-10-08
VM6790,repair,2025-04-17
VM8815,decommissioned,2020-08-15
VM8378,decommissioned,2020-03-21
VM9455,repair,2023-11-12
VM8285,decommissioned,2025-08-18
VM5885,repair,2021-09-15
VM7059,functional,2025-07-21
VM1062,repair,2023-07-20
VM6453,repair,2023-06-13
VM4669,repair,2020-04-13
VM6319,decommissioned,2020-11-01
VM4781,decommissioned,2025-06-15
VM2616,repair,2024-07-19
VM2614,decommissioned,2021-01-29
VM9531,repair,2023-02-12
VM4044,decommissioned,2025-07-14
VM9861,functional,2024-01-26
VM5013,decommissioned,2020-08-02
VM2974,functional,2025-04-11
VM9508,decommissioned,2025-04-01
VM1577,functional,2021-01-30
VM9092,repair,2020-03-29
VM9179,decommissioned,2020-11-01
VM8222,repair,2025-05-13
VM1875,repair,2021-05-03
VM9593,decommissioned,2021-10-24
VM1785,repair,2022-11-27
VM6714,repair,2022-09-28
VM1718,functional,2021-10-23
VM4608,decommissioned,2025-07-27
VM7273,decommissioned,2024-02-12
VM4911,functional,2023-01-02
VM5301,repair,2021-06-11
VM9517,decommissioned,2021-03-29
VM1655,functional,2022-03-26
VM6903,functional,2023-04-20
VM5117,decommissioned,2021-08-09
VM6019,repair,2020-06-27
VM6187,repair,2020-03-24
VM1102,repair,2020-09-08
VM3235,repair,2022-08-03
VM6629,decommissioned,2024-12-25
VM3184,functional,2025-06-22
VM6310,functional,2024-09-20
VM4445,repair,2021-02-15
VM8047,functional,2025-07-10
VM2802,decommissioned,2021-04-20
VM4680,decommissioned,2022-01-17
VM4154,repair,2024-04-13
VM7874,decommissioned,2023-01-28
VM1826,functional,2020-01-28
VM5968,functional,2023-04-10
VM8351,repair,2024-04-10
VM8535,repair,2021-09-16
VM4896,repair,2020-05-24
VM7987,decommissioned,2025-08-08
VM9834,decommissioned,2022-01-30
VM4111,functional,2023-07-19
VM3026,functional,2020-03-23
VM4225,functional,2023-07-26
VM7510,repair,2025-08-22
VM9022,functional,2021-02-03
VM3428,decommissioned,2020-03-19
VM7138,decommissioned,2021-11-23
VM4783,repair,2024-03-19
VM3866,decommissioned,2024-01-28
VM5019,functional,2024-06-10
VM1506,decommissioned,2020-03-22
VM8175,repair,2023-11-09
VM7060,decommissioned,2024-02-28
VM2040,functional,2021-05-26
VM9980,repair,2025-02-07
VM5547,repair,2023-12-21
VM3566,decommissioned,2022-09-06
VM4758,repair,2021-01-18
VM5851,decommissioned,2022-12-20
VM1407,functional,2021-03-14
VM2440,repair,2023-12-20
VM6886,functional,2022-05-13
VM3384,repair,2021-01-19
VM8819,repair,2023-09-22
VM8306,decommissioned,2025-07-30
VM7076,repair,2022-05-08
VM8009,functional,2025-06-10
VM1079,repair,2022-07-03
VM3989,functional,2022-07-27
VM4038,decommissioned,2020-02-14
VM1855,functional,2025-11-08
VM9430,functional,2023-07-09
VM1172,decommissioned,2023-05-13
VM8355,repair,2021-06-12
VM5248,decommissioned,2022-11-22
VM8733,decommissioned,2024-04-25
VM8170,functional,2020-02-16
VM1518,functional,2023-01-20
VM5091,repair,2022-06-03
VM4190,functional,2023-10-19
VM9039,repair,2024-09-21
VM2175,functional,2023-06-22
VM4738,functional,2024-11-15
VM5878,functional,2024-04-13
VM6728,decommissioned,2023-05-12
VM7117,functional,2021-03-07
VM9207,functional,2024-05-16
VM8350,functional,2022-07-28
VM3562,functional,2025-09-25
VM2163,repair,2023-05-17
VM2820,decommissioned,2024-02-16
VM6046,decommissioned,2022-03-15
VM7020,functional,2022-10-28
VM2019,functional,2023-07-04
VM6873,functional,2025-04-01
VM8822,functional,2021-10-12
VM4423,functional,2023-03-22
VM5278,decommissioned,2022-04-05
VM2207,repair,2024-02-25
VM5725,repair,2025-01-16
VM4925,decommissioned,2024-09-01
VM3906,repair,2021-07-17
VM1724,functional,2021-09-10
VM1472,repair,2020-08-14
VM9338,decommissioned,2023-08-16
VM8063,decommissioned,2020-09-01
VM4574,decommissioned,2023-06-16
VM9419,decommissioned,2021-06-13
VM9232,functional,2022-06-25
VM3923,decommissioned,2021-09-17
VM3004,functional,2020-12-03
VM6748,decommissioned,2023-08-27
VM1897,decommissioned,2023-11-08
VM2953,functional,2022-12-24
VM3862,functional,2024-07-14
VM3482,decommissioned,2020-11-27
VM7135,decommissioned,2024-04-12
VM1486,decommissioned,2021-02-09
VM6791,repair,2022-07-03
VM8631,decommissioned,2025-08-18
VM2051,decommissioned,2023-01-28
VM6938,functional,2025-02-28
VM7953,functional,2022-03-02
VM2761,repair,2022-07-21
VM9329,repair,2020-04-05
VM1103,decommissioned,2024-03-26
VM3319,repair,2025-10-02
VM1678,repair,2021-12-27
VM8813,functional,2020-11-29
VM5889,repair,2021-03-26
VM4055,functional,2021-06-12
VM3210,decommissioned,2025-05-19
VM7140,repair,2023-06-06
VM9512,decommissioned,2023-07-14
VM1383,repair,2020-08-09
VM3228,repair,2025-03-24
VM1017,decommissioned,2020-08-27
VM2136,functional,2024-06-10
VM3584,decommissioned,2024-10-12
VM8294,repair,2025-10-04
VM7478,decommissioned,2020-09-23
VM7255,repair,2025-06-20
VM9965,decommissioned,2025-09-21
VM6963,decommissioned,2020-01-05
VM7677,decommissioned,2021-07-01
VM6927,repair,2024-09-23
VM8247,decommissioned,2024-02-04
VM7855,repair,2020-05-07
VM5946,repair,2023-01-09
VM6086,repair,2025-09-06
VM1145,repair,2021-11-01
VM6556,repair,2021-02-20
VM2560,repair,2024-03-29
VM8721,functional,2025-03-07
VM9922,decommissioned,2020-03-16
VM3338,functional,2024-11-22
VM1552,repair,2020-06-18
VM5321,repair,2025-05-27
VM6290,decommissioned,2024-06-24
VM7945,repair,2024-11-16
VM2504,decommissioned,2025-10-05
VM8079,repair,2025-01-22
VM8189,decommissioned,2024-05-26
VM7302,repair,2025-08-16
VM7718,repair,2020-01-10
VM7028,repair,2023-04-12
VM9340,decommissioned,2023-07-25
VM4284,functional,2024-04-22
VM7079,repair,2022-01-04
VM3371,decommissioned,2024-07-20
VM9546,repair,2022-03-02
VM7709,decommissioned,2023-02-06
VM5443,decommissioned,2025-09-11
VM9220,functional,2021-09-24
VM6263,repair,2024-04-12
VM5838,functional,2024-08-26
VM3673,functional,2023-10-23
VM7797,decommissioned,2024-09-18
VM8430,decommissioned,2021-08-24
VM4793,decommissioned,2021-08-16
VM4969,decommissioned,2020-07-23
VM9264,decommissioned,2025-07-19
VM4675,decommissioned,2024-06-19
VM1169,functional,2020-10-19
VM2921,decommissioned,2022-09-22
VM4100,functional,2022-05-16
VM7936,decommissioned,2024-07-16
VM9699,decommissioned,2024-03-21
VM2804,decommissioned,2020-09-04
VM9820,functional,2020-03-04
VM8447,decommissioned,2020-11-26
VM5600,functional,2024-01-20
VM6797,repair,2023-02-10
VM4581,functional,2025-06-06
VM2027,functional,2023-02-18
VM1393,repair,2020-10-09
VM9523,decommissioned,2025-07-08
VM7383,repair,2022-08-11
VM8995,decommissioned,2025-07-09
VM3997,repair,2022-01-26
VM6605,repair,2022-08-08
VM7157,repair,2025-03-22
VM8752,repair,2024-05-27
VM3675,functional,2023-01-17
VM4201,repair,2022-09-02
VM3750,repair,2025-09-06
VM6210,functional,2023-02-12
VM5677,decommissioned,2020-06-29
VM4497,repair,2022-12-04
VM6917,functional,2020-06-15
VM4667,repair,2021-11-06
VM3648,decommissioned,2023-09-26
VM1051,decommissioned,2024-09-04
VM5955,repair,2023-03-04
VM6051,functional,2025-02-01
VM8759,repair,2022-06-03
VM9964,decommissioned,2025-10-13
VM1497,functional,2021-05-25
VM2854,repair,2020-06-02
VM9898,functional,2020-03-04
VM2600,repair,2025-01-23
VM4671,repair,2021-06-16
VM4114,functional,2025-09-06
VM8295,decommissioned,2024-04-24
VM4462,decommissioned,2025-10-18
VM3796,decommissioned,2024-07-11
VM6787,functional,2024-06-04
VM3839,repair,2021-04-25
VM3857,repair,2020-10-21
VM8842,decommissioned,2025-11-05
VM8955,functional,2024-09-19
VM7756,repair,2024-06-18
VM2970,decommissioned,2023-04-21
VM3360,repair,2025-06-15
VM1222,functional,2021-11-02
VM5077,functional,2022-06-06
VM3029,decommissioned,2023-04-17
VM3267,functional,2022-11-12
VM9173,repair,2024-09-04
VM3148,decommissioned,2023-06-08
VM4219,repair,2022-12-08
VM4817,functional,2024-07-29
VM8906,decommissioned,2022-02-25
VM7252,functional,2024-09-15
VM6539,functional,2024-12-21
VM9345,functional,2024-07-27
VM2078,functional,2024-08-28
VM5922,decommissioned,2024-11-29
VM7570,repair,2021-11-19
VM6811,decommissioned,2024-07-27
VM7106,functional,2024-08-29
VM9715,repair,2022-09-03
VM6099,decommissioned,2023-12-28
VM1192,repair,2021-05-02
VM5826,decommissioned,2024-10-24
VM7000,decommissioned,2020-08-10
VM8846,repair,2022-04-29
VM1032,repair,2024-03-08
VM2388,decommissioned,2020-09-07
VM8643,repair,2022-06-01
VM8642,functional,2022-01-23
VM8656,decommissioned,2023-10-24
VM6090,repair,2020-01-17
VM9322,repair,2020-08-22
VM9836,decommissioned,2020-03-08
VM7931,functional,2020-05-05
VM1598,functional,2022-09-21
VM8372,functional,2025-11-02
VM7169,repair,2023-08-23
VM8900,functional,2024-09-27
VM7854,repair,2023-07-13
VM8073,functional,2022-02-06
VM1351,repair,2021-03-22
VM6976,repair,2023-08-21
VM7074,decommissioned,2020-09-24
VM1768,decommissioned,2021-12-11
VM1735,decommissioned,2024-12-11
VM1063,functional,2025-08-13
VM9195,decommissioned,2021-12-07
VM5387,functional,2024-10-23
VM7595,decommissioned,2020-11-12
VM4042,decommissioned,2023-04-15
VM6542,decommissioned,2024-09-02
VM1252,decommissioned,2025-11-12
VM3223,repair,2020-06-26
VM6250,functional,2023-10-05
VM4666,decommissioned,2023-11-20
VM7172,repair,2020-06-13
VM2570,functional,2022-03-06
VM5580,functional,2025-07-08
VM4538,decommissioned,2023-12-28
VM6583,repair,2022-10-07
VM8987,repair,2024-04-12
VM3722,functional,2023-09-05
VM8198,decommissioned,2021-03-06
VM8014,decommissioned,2025-09-20
VM3398,decommissioned,2024-03-04
VM5845,decommissioned,2021-10-10
VM8419,repair,2023-12-18
VM3131,repair,2022-09-29
VM2380,decommissioned,2020-11-04
VM4506,decommissioned,2024-03-22
VM7128,functional,2022-06-02
VM4305,functional,2021-02-06
VM6381,repair,2021-01-24
VM7334,decommissioned,2021-06-22
VM2635,repair,2023-07-06
VM6474,functional,2021-01-17
VM9152,functional,2024-08-26
VM5909,repair,2023-06-10
VM6360,functional,2021-01-09
VM5659,repair,2023-05-07
VM8442,functional,2020-07-13
VM3059,functional,2022-03-25
VM8082,decommissioned,2022-01-01
VM1040,functional,2025-05-02
VM6953,functional,2020-09-12
VM8427,decommissioned,2023-05-24
VM1255,repair,2025-09-30
VM5765,functional,2022-11-06
VM5554,repair,2022-05-14
VM5563,repair,2025-10-16
VM8743,repair,2022-11-18
VM7348,functional,2020-01-20
VM3551,functional,2022-07-09
VM1176,decommissioned,2022-11-21
VM1118,repair,2022-10-01
VM9312,functional,2022-08-12
VM3536,repair,2023-01-08
VM6851,functional,2023-07-29
VM7602,functional,2023-11-29
VM5429,repair,2023-05-13
VM6511,decommissioned,2020-05-12
VM2478,repair,2023-10-07
VM4631,repair,2022-10-11
VM3893,decommissioned,2022-08-05
VM8380,decommissioned,2022-09-17
VM5045,decommissioned,2022-12-12
VM6449,functional,2022-12-09
VM9130,functional,2020-04-16
VM5382,functional,2021-10-31
VM5132,decommissioned,2021-10-22
VM4436,decommissioned,2023-11-10
VM5416,repair,2024-07-11
VM3378,repair,2024-08-18
VM9771,functional,2021-09-23
VM8111,repair,2025-04-29
VM2747,functional,2023-03-26
VM4174,repair,2022-01-25
VM8844,decommissioned,2021-06-14
VM5310,decommissioned,2021-02-09
VM2737,decommissioned,2024-04-15
VM6621,functional,2025-01-07
VM3539,decommissioned,2023-03-06
VM5617,decommissioned,2021-07-17
VM2394,decommissioned,2022-02-25
VM7468,repair,2022-10-03
VM4814,repair,2024-12-16
VM4222,decommissioned,2022-09-15
VM2465,decommissioned,2020-09-23
VM8875,decommissioned,2025-06-02
VM9860,repair,2021-10-12
VM9542,decommissioned,2023-05-18
VM1869,decommissioned,2022-10-10
VM6892,repair,2023-01-31
VM2417,decommissioned,2023-01-06
VM3809,decommissioned,2024-11-12
VM4203,functional,2022-07-10
VM6996,decommissioned,2025-02-19
VM1344,decommissioned,2020-06-10
VM1797,repair,2025-09-12
VM4504,repair,2021-12-21
VM2179,repair,2025-09-30
VM8435,functional,2025-04-16
VM7222,repair,2025-06-12
VM7546,functional,2022-02-21
VM1382,repair,2023-08-29
VM3645,repair,2025-01-15
VM4087,decommissioned,2023-12-11
VM1007,repair,2025-03-06
VM9462,functional,2022-08-20
VM7810,decommissioned,2020-10-20
VM1752,decommissioned,2022-01-21
VM8210,decommissioned,2020-03-30
VM7266,repair,2024-06-10
VM4961,decommissioned,2023-02-02
VM5621,decommissioned,2023-11-14
VM2412,functional,2020-01-31
VM6286,decommissioned,2022-03-17
VM4429,decommissioned,2020-10-27
VM2799,functional,2021-02-26
VM1834,functional,2021-04-23
VM4162,decommissioned,2022-10-04
VM6628,decommissioned,2022-08-22
VM1553,functional,2023-09-29
VM3632,functional,2020-04-02
VM2605,decommissioned,2022-01-08
VM8090,repair,2024-08-25
VM9768,functional,2023-12-26
VM6321,functional,2025-02-20
VM3888,functional,2023-01-27
VM8502,repair,2022-10-14
VM6701,decommissioned,2021-08-10
VM7760,functional,2021-06-14
VM8589,decommissioned,2023-08-17
VM6774,repair,2024-02-20
VM3063,repair,2023-06-10
VM2858,repair,2020-07-25
VM8050,decommissioned,2025-05-24
VM4051,functional,2024-06-18
VM9168,repair,2024-03-24
VM3181,decommissioned,2022-04-10
VM5039,decommissioned,2020-03-02
VM3790,repair,2025-08-06
VM9957,decommissioned,2023-01-05
VM6588,functional,2021-01-17
VM7947,repair,2023-09-10
VM6544,decommissioned,2020-03-17
VM7619,decommissioned,2025-06-01
VM2824,decommissioned,2023-12-15
VM2711,functional,2022-08-28
VM8349,repair,2023-08-09
VM3442,repair,2025-11-13
VM2505,decommissioned,2020-08-02
VM8956,decommissioned,2024-04-22
VM9000,functional,2023-06-29
VM5511,functional,2020-12-23
VM7600,decommissioned,2023-03-02
VM6125,functional,2022-06-23
VM2064,functional,2020-10-29
VM9599,functional,2024-08-19
VM6297,repair,2025-02-09
VM8897,repair,2021-07-18
VM7161,repair,2025-01-04
VM6287,repair,2025-05-19
VM8630,decommissioned,2024-12-16
VM3773,repair,2023-08-09
VM8577,decommissioned,2020-12-02
VM1943,decommissioned,2023-03-22
VM4744,functional,2024-03-31
VM7029,repair,2020-02-24
VM2006,decommissioned,2025-08-26
VM9579,decommissioned,2020-01-28
VM5134,functional,2023-03-04
VM8993,repair,2024-07-17
VM6393,functional,2024-12-05
VM7700,repair,2024-01-05
VM7993,decommissioned,2021-07-18
VM1080,decommissioned,2021-11-02
VM9518,functional,2023-05-21
VM1850,decommissioned,2024-08-17
VM6858,functional,2023-02-10
VM2395,repair,2022-06-20
VM9161,repair,2022-11-12
VM1600,repair,2024-06-06
VM8947,repair,2025-09-04
VM3076,repair,2020-02-10
VM7209,repair,2024-07-25
VM9068,functional,2022-04-28
VM2834,decommissioned,2020-08-10
VM8102,repair,2023-01-13
VM7875,functional,2025-03-01
VM2939,functional,2024-07-15
VM7353,repair,2020-03-15
VM9535,repair,2024-02-11
VM8253,repair,2022-06-15
VM2599,decommissioned,2024-08-18
VM1224,decommissioned,2020-12-20
VM8307,repair,2023-07-23
VM2745,decommissioned,2025-05-09
VM3078,functional,2021-10-29
VM2135,repair,2024-04-09
VM3132,functional,2024-04-01
VM9656,decommissioned,2020-12-11
VM1449,decommissioned,2024-11-25
VM4720,decommissioned,2024-09-01
VM9967,functional,2022-01-13
VM2601,decommissioned,2022-04-06
VM3030,repair,2022-06-14
VM4959,functional,2022-05-04
VM9084,decommissioned,2022-05-21
VM4743,repair,2025-06-08
VM8193,decommissioned,2024-05-16
VM9444,repair,2020-02-17
VM8542,decommissioned,2021-07-09
VM6180,repair,2022-09-08
VM7225,decommissioned,2020-03-25
VM6042,functional,2023-08-19
VM1326,decommissioned,2024-12-15
VM2034,decommissioned,2022-11-04
VM7137,repair,2025-02-08
VM7363,decommissioned,2022-11-07
VM3841,repair,2023-03-31
VM8777,decommissioned,2025-07-13
VM2067,decommissioned,2023-11-27
VM1424,repair,2020-09-25
VM9755,decommissioned,2020-09-13
VM6549,decommissioned,2021-10-23
VM8974,functional,2024-03-18
VM1250,decommissioned,2023-10-16
VM9881,decommissioned,2023-04-11
VM8691,functional,2023-08-14
VM3097,functional,2023-04-15
VM6315,decommissioned,2025-10-31
VM6177,functional,2022-02-03
VM9672,functional,2024-01-13
VM5463,repair,2024-02-11
VM1806,functional,2022-11-23
VM6703,functional,2021-05-10
VM3466,decommissioned,2022-08-02
VM6674,functional,2022-05-01
VM6943,functional,2021-01-30
VM7838,decommissioned,2023-11-08
VM4356,decommissioned,2020-07-27
VM2362,decommissioned,2024-10-19
VM5589,decommissioned,2025-03-02
VM5055,functional,2021-12-14
VM7229,functional,2025-05-05
VM6331,repair,2023-03-26
VM5408,functional,2023-09-02
VM3451,functional,2024-01-20
VM1751,functional,2022-05-07
VM9245,repair,2023-08-30
VM6750,functional,2023-02-18
VM7476,decommissioned,2020-10-19
VM9805,decommissioned,2022-01-18
VM2594,functional,2023-04-09
VM5862,repair,2022-09-12
VM3214,repair,2020-07-31
VM8692,decommissioned,2021-01-09
VM4414,repair,2025-05-21
VM6241,repair,2020-05-03
VM4938,repair,2025-11-20
VM8275,decommissioned,2025-11-18
VM7142,decommissioned,2022-07-01
VM2771,decommissioned,2021-02-08
VM5035,decommissioned,2025-05-07
VM6358,functional,2021-12-19
VM7792,decommissioned,2024-12-20
VM6623,decommissioned,2021-10-18
VM8375,functional,2021-05-18
VM1034,functional,2024-06-04
VM6264,functional,2021-05-23
VM7491,functional,2024-08-30
VM4120,functional,2022-03-01
VM2815,repair,2023-06-30
VM9522,decommissioned,2020-07-17
VM1802,functional,2024-02-07
VM8855,functional,2022-08-23
VM5235,functional,2022-01-03
VM8196,repair,2024-05-13
VM4336,repair,2020-12-25
VM8758,repair,2023-03-02
VM6607,repair,2021-10-01
VM5821,repair,2024-03-03
VM2574,repair,2025-10-07
VM4883,decommissioned,2023-02-02
VM3146,functional,2021-08-28
VM4306,repair,2022-01-28
VM2860,repair,2020-04-18
VM9763,functional,2022-11-21
VM6662,repair,2020-04-26
VM1613,functional,2020-06-20
VM5133,repair,2025-11-15
VM7607,repair,2023-07-08
VM1119,decommissioned,2024-10-23
VM5073,functional,2023-07-19
VM9304,repair,2023-09-01
VM7566,decommissioned,2022-10-21
VM1690,functional,2020-02-24
VM1070,repair,2022-11-20
VM9737,repair,2024-05-13
VM7713,repair,2022-08-12
VM9633,repair,2025-01-18
VM5201,functional,2021-09-21
VM8946,functional,2021-12-29
VM5634,functional,2021-08-29
VM7610,decommissioned,2025-02-03
VM7899,repair,2020-04-06
VM9738,repair,2024-06-19
VM1244,functional,2025-06-12
VM5426,decommissioned,2020-03-16
VM8718,repair,2022-07-31
VM6852,functional,2022-12-27
VM2018,decommissioned,2024-09-19
VM1448,repair,2021-06-11
VM7831,repair,2023-10-10
VM8282,decommissioned,2024-09-17
VM3342,functional,2021-10-05
VM6415,functional,2021-06-22
VM2766,functional,2022-04-16
VM8344,decommissioned,2025-02-23
VM6697,repair,2020-10-01
VM1247,functional,2021-10-09
VM6488,repair,2020-07-11
VM8459,functional,2020-10-08
VM6563,decommissioned,2020-03-17
VM7175,decommissioned,2024-01-26
VM3908,functional,2025-06-10
VM3677,functional,2024-04-06
VM4032,decommissioned,2024-12-04
VM6462,functional,2020-05-20
VM2422,repair,2023-04-09
VM6364,repair,2025-07-06
VM1706,decommissioned,2025-02-21
VM2408,decommissioned,2023-01-07
VM5720,functional,2020-03-20
VM8024,repair,2020-06-24
VM1965,functional,2024-03-27
VM2787,decommissioned,2025-08-05
VM3256,functional,2022-10-31
VM7839,repair,2023-05-29
VM7083,repair,2021-05-25
VM2833,decommissioned,2025-04-01
VM6403,repair,2024-12-28
VM5277,repair,2020-10-13
VM7144,repair,2020-03-03
VM4178,decommissioned,2023-06-10
VM8764,repair,2024-06-02
VM1394,repair,2024-07-25
VM9405,repair,2022-01-02
VM1992,repair,2020-08-06
VM7952,repair,2024-09-14
VM7430,repair,2021-03-17
VM6836,functional,2020-09-22
VM7085,repair,2025-09-28
VM9489,decommissioned,2025-09-13
VM1430,functional,2022-10-10
VM5570,repair,2021-06-13
VM7730,repair,2022-12-27
VM3289,functional,2025-10-02
VM2132,repair,2024-08-13
VM8800,decommissioned,2021-12-01
VM8983,repair,2024-11-13
VM1836,functional,2021-08-26
VM2722,functional,2024-10-02
VM6608,repair,2020-10-18
VM1645,decommissioned,2023-01-26
VM1748,repair,2022-12-20
VM2792,functional,2024-05-31
VM5979,repair,2021-10-26
VM4148,decommissioned,2023-12-22
VM3806,decommissioned,2022-04-26
VM6596,repair,2022-02-25
VM8482,decommissioned,2024-02-06
VM2470,functional,2020-05-28
VM9873,functional,2022-06-08
VM4488,functional,2023-02-26
VM2062,functional,2022-05-18
VM6923,repair,2023-11-26
VM1066,decommissioned,2024-12-05
VM7968,functional,2020-05-29
VM4541,repair,2021-04-10
VM6519,decommissioned,2020-02-19
VM1401,functional,2020-05-23
VM7749,functional,2025-08-28
VM9467,decommissioned,2024-01-28
VM7139,repair,2022-08-05
VM1094,decommissioned,2020-12-21
VM3604,decommissioned,2021-12-20
VM8366,repair,2023-05-26
VM4403,functional,2023-11-25
VM7021,repair,2020-07-25
VM1232,repair,2021-03-07
VM7598,decommissioned,2023-05-27
VM3108,repair,2021-11-28
VM9477,repair,2021-01-09
VM2227,functional,2022-08-24
VM3041,decommissioned,2023-03-11
VM8892,decommissioned,2020-09-08
VM8928,repair,2023-05-11
VM6311,repair,2021-03-07
VM9491,repair,2023-01-23
VM5535,decommissioned,2024-07-23
VM6651,decommissioned,2022-10-13
VM9591,functional,2022-01-15
VM2717,functional,2023-09-30
VM7639,repair,2022-09-28
VM4789,functional,2024-11-02
VM7036,repair,2025-02-23
VM1202,repair,2024-02-14
VM7536,functional,2021-05-05
VM9308,repair,2022-11-27
VM9915,functional,2025-02-03
VM5861,functional,2024-08-02
VM2485,decommissioned,2023-09-11
VM5315,functional,2022-01-31
VM9997,functional,2022-06-21
VM5119,functional,2023-12-09
VM6494,functional,2025-03-15
VM9664,functional,2021-01-15
VM4554,repair,2025-05-10
VM6663,repair,2025-10-09
VM3404,repair,2022-01-10
VM5777,repair,2022-10-28
VM1436,decommissioned,2023-04-22
VM1587,functional,2022-06-09
VM5069,repair,2021-09-09
VM2243,repair,2024-08-22
VM4980,decommissioned,2025-06-20
VM4250,decommissioned,2024-09-09
VM3567,decommissioned,2020-03-19
VM9877,functional,2022-03-05
VM9472,repair,2023-11-14
VM6169,functional,2024-09-26
VM8484,decommissioned,2025-07-06
VM7205,decommissioned,2020-07-11
VM7732,functional,2022-11-05
VM9857,decommissioned,2024-06-01
VM1055,decommissioned,2020-11-22
VM8935,functional,2023-12-08
VM6283,functional,2021-12-18
VM3311,decommissioned,2020-02-05
VM2925,repair,2024-07-11
VM6733,repair,2020-02-07
VM2311,repair,2021-02-02
VM7501,decommissioned,2023-01-20
VM4836,repair,2021-03-27
VM3189,functional,2024-08-07
VM2699,repair,2023-06-09
VM3998,repair,2025-03-18
VM3288,functional,2022-08-07
VM5079,functional,2021-03-19
VM4762,functional,2024-02-12
VM3837,repair,2024-12-09
VM3549,repair,2025-09-12
VM7576,decommissioned,2020-07-29
VM4296,repair,2023-11-07
VM7253,decommissioned,2025-03-02
VM7143,functional,2024-11-27
VM2748,decommissioned,2021-10-09
VM8997,decommissioned,2023-06-23
VM6481,repair,2022-05-31
VM7014,repair,2024-07-21
VM7561,decommissioned,2023-12-24
VM5972,functional,2021-08-04
VM1673,decommissioned,2025-10-12
VM7542,repair,2024-06-29
VM1952,decommissioned,2022-03-24
VM2314,decommissioned,2024-04-29
VM7370,functional,2023-08-14
VM5486,functional,2025-11-17
VM5018,functional,2025-06-14
VM9090,repair,2021-12-27
VM8666,repair,2025-10-25
VM2783,repair,2022-02-08
VM2873,decommissioned,2025-02-28
VM1653,functional,2025-05-06
VM7188,repair,2021-10-27
VM1733,decommissioned,2025-04-30
VM1714,functional,2023-07-07
VM7282,repair,2023-02-01
VM3457,decommissioned,2020-06-06
VM5293,functional,2022-06-06
VM4263,repair,2022-05-30
VM9850,decommissioned,2020-11-03
VM9822,functional,2022-03-01
VM2360,functional,2023-04-02
VM4924,decommissioned,2020-11-29
VM4007,repair,2024-06-20
VM5430,functional,2021-12-13
VM5712,repair,2021-05-11
VM2230,repair,2022-06-09
VM1348,repair,2021-05-06
VM6295,repair,2024-07-14
VM1619,repair,2020-08-12
VM1010,repair,2023-10-25
VM9395,decommissioned,2022-07-29
VM5898,functional,2022-07-06
VM4516,decommissioned,2023-07-22
VM1995,decommissioned,2021-09-08
VM3431,functional,2024-04-21
VM5906,repair,2021-09-23
VM3105,repair,2021-02-05
VM5810,decommissioned,2020-09-05
VM2752,repair,2023-04-18
VM6314,functional,2022-10-11
VM4003,decommissioned,2023-03-16
VM6082,repair,2023-08-11
VM4076,functional,2025-01-22
VM9868,repair,2020-02-10
VM6809,functional,2024-05-20
VM7009,decommissioned,2024-07-05
VM9341,decommissioned,2021-12-07
VM8594,repair,2024-09-24
VM7673,repair,2023-10-05
VM8137,repair,2025-05-02
VM1776,decommissioned,2020-08-22
VM3833,decommissioned,2025-05-28
VM8143,decommissioned,2020-11-29
VM6900,decommissioned,2025-10-08
VM9760,functional,2022-12-26
VM4172,repair,2020-03-30
VM6661,repair,2024-11-01
VM2108,repair,2023-12-03
VM6101,repair,2022-02-23
VM5516,functional,2020-05-13
VM1132,functional,2020-03-01
VM4687,repair,2022-01-22
VM6841,decommissioned,2022-01-09
VM4181,repair,2022-05-25
VM3816,repair,2022-11-28
VM2482,repair,2022-01-01
VM7193,repair,2024-09-07
VM2624,decommissioned,2022-04-07
VM5544,repair,2024-04-29
VM4521,repair,2025-02-17
VM6195,repair,2020-12-29
VM7306,decommissioned,2020-09-19
VM1859,repair,2021-02-15
VM3912,decommissioned,2022-04-04
VM6529,functional,2025-09-21
VM7432,decommissioned,2020-06-13
VM4188,repair,2022-12-03
VM4602,decommissioned,2024-09-12
VM5212,repair,2024-06-21
VM9448,repair,2020-06-15
VM4094,repair,2021-04-03
VM3951,decommissioned,2025-08-06
VM6770,decommissioned,2025-11-21
VM6907,repair,2025-07-30
VM5830,repair,2022-06-02
VM4411,decommissioned,2023-04-17
VM1515,functional,2020-12-28
VM8347,decommissioned,2021-07-18
VM4632,decommissioned,2022-04-26
VM7552,decommissioned,2020-12-24
VM5587,decommissioned,2021-01-21
VM9650,repair,2020-05-29
VM5015,functional,2020-01-17
VM7804,functional,2023-07-01
VM9578,repair,2025-01-12
VM2280,decommissioned,2022-06-21
VM1495,functional,2025-04-05
VM9866,functional,2025-08-28
VM8979,repair,2023-11-23
VM5943,functional,2022-05-02
VM8530,decommissioned,2021-07-03
VM7379,functional,2022-11-13
VM2246,decommissioned,2023-09-23
VM9305,repair,2020-12-27
VM9754,decommissioned,2024-04-27
VM8140,decommissioned,2020-04-22
VM9933,repair,2021-06-02
VM1311,repair,2025-10-08
VM6978,repair,2021-06-26
VM6117,repair,2022-07-26
VM7693,decommissioned,2024-03-15
VM7698,repair,2022-02-04
VM1001,decommissioned,2023-02-25
VM1263,functional,2025-02-23
VM3127,repair,2020-07-24
VM1701,functional,2025-09-15
VM8359,repair,2020-05-17
VM6578,functional,2022-04-21
VM5092,repair,2022-02-15
VM1359,decommissioned,2024-11-08
VM1340,decommissioned,2023-03-21
VM3363,decommissioned,2023-12-26
VM8700,repair,2020-08-22
VM5770,functional,2024-05-29
VM5746,repair,2023-07-26
VM1770,repair,2023-12-25
VM6434,decommissioned,2020-09-11
VM4143,decommissioned,2024-10-18
VM7276,repair,2021-04-26
VM5690,decommissioned,2024-11-08
VM6594,decommissioned,2024-09-28
VM2572,decommissioned,2020-11-24
VM2276,decommissioned,2025-03-03
VM6023,repair,2020-05-23
VM2052,functional,2023-07-14
VM3702,repair,2020-02-24
VM5021,decommissioned,2021-10-17
VM9895,decommissioned,2020-03-24
VM3469,functional,2025-06-04
VM6443,decommissioned,2021-05-25
VM9470,functional,2023-12-22
VM1303,functional,2025-08-01
VM2303,decommissioned,2021-06-29
VM8909,decommissioned,2021-10-02
VM5807,repair,2025-04-03
VM9115,functional,2021-05-23
VM7525,functional,2024-09-27
VM9787,decommissioned,2023-06-03
VM6640,decommissioned,2022-11-29
VM2807,repair,2020-07-22
VM3480,repair,2020-12-15
VM9499,repair,2023-04-10
VM6725,repair,2022-11-21
VM8391,functional,2023-03-17
VM9481,functional,2023-07-16
VM2703,functional,2020-02-08
VM4941,functional,2022-12-11
VM2178,decommissioned,2025-08-09
VM5667,functional,2020-08-23
VM2556,repair,2020-05-12
VM6763,decommissioned,2022-11-19
VM9356,functional,2022-01-05
VM8669,decommissioned,2022-05-12
VM7558,repair,2023-09-16
VM7818,functional,2023-03-30
VM1248,repair,2021-02-05
VM4119,repair,2023-03-01
VM3591,decommissioned,2022-05-21
VM9597,repair,2025-04-25
VM1739,repair,2023-12-08
VM7152,repair,2025-01-06
VM4908,functional,2020-03-17
VM4410,repair,2021-02-09
VM1084,decommissioned,2023-01-28
VM5756,repair,2020-01-16
VM7414,repair,2023-10-13
VM7641,decommissioned,2022-07-05
VM5360,functional,2025-09-13
VM5063,decommissioned,2020-10-08
VM2693,decommissioned,2025-01-04
VM2541,functional,2024-08-15
VM4597,functional,2021-11-09
VM5418,functional,2021-03-24
VM4493,decommissioned,2022-03-20
VM7534,functional,2022-07-05
VM2801,repair,2025-09-04
VM9679,decommissioned,2021-02-28
VM9458,functional,2022-09-18
VM6299,repair,2022-07-01
VM9387,decommissioned,2020-07-16
VM4128,repair,2025-09-24
VM8519,functional,2025-11-07
VM7198,functional,2020-05-31
VM2174,decommissioned,2020-10-21
VM7449,functional,2021-11-17
VM2726,repair,2021-03-12
VM3598,decommissioned,2022-06-18
VM9521,functional,2024-06-03
VM5883,functional,2024-09-09
VM5262,repair,2023-12-21
VM6289,functional,2021-09-17
VM9533,repair,2021-06-20
VM8713,repair,2023-05-09
VM1868,repair,2023-01-09
VM6680,repair,2021-05-26
VM5882,decommissioned,2024-10-18
VM1867,decommissioned,2025-06-19
VM6864,decommissioned,2025-04-09
VM4713,repair,2024-03-06
VM5905,repair,2021-08-29
VM7329,decommissioned,2025-02-09
VM4386,repair,2023-03-17
VM1601,repair,2023-02-20
VM7901,repair,2024-10-14
VM7954,functional,2022-01-13
VM3025,functional,2020-11-15
VM8342,repair,2024-09-01
VM2870,repair,2020-03-01
VM8687,functional,2024-05-12
VM1194,decommissioned,2025-07-05
VM4590,functional,2021-03-13
VM4804,repair,2022-04-13
VM6553,decommissioned,2022-09-26
VM8554,repair,2024-05-20
VM8986,repair,2023-10-11
VM6677,functional,2020-12-30
VM5689,functional,2022-08-05
VM4496,decommissioned,2024-12-04
VM7887,functional,2024-03-29
VM1830,functional,2024-03-04
VM4871,functional,2020-05-07
VM8751,decommissioned,2022-04-09
VM9326,repair,2020-10-12
VM3990,decommissioned,2022-08-17
VM2031,decommissioned,2025-06-05
VM6165,repair,2024-06-23
VM3479,decommissioned,2021-07-07
VM5478,functional,2024-12-08
VM8226,functional,2020-06-08
VM3171,decommissioned,2020-03-19
VM8497,repair,2025-07-23
VM2629,functional,2020-01-14
VM4774,functional,2020-11-14
VM1091,functional,2022-02-01
VM8767,repair,2024-07-05
VM7519,repair,2022-03-12
VM9085,functional,2023-02-08
VM6715,repair,2020-12-28
VM3100,decommissioned,2022-01-14
VM1903,repair,2022-11-03
VM2774,repair,2025-06-01
VM9745,repair,2021-11-03
VM6384,decommissioned,2025-11-08
VM4308,repair,2022-05-22
VM2780,functional,2022-09-08
VM3164,functional,2023-09-21
VM6602,functional,2022-11-11
VM6646,functional,2022-09-30
VM1460,decommissioned,2025-10-27
VM1358,functional,2024-05-29
VM2119,functional,2020-07-31
VM5550,functional,2022-06-23
VM3253,repair,2022-02-18
VM4909,repair,2020-02-18
VM1197,functional,2024-07-09
VM7082,functional,2023-01-11
VM5743,repair,2022-12-18
VM7935,functional,2024-12-14
VM6317,functional,2020-03-10
VM2903,repair,2020-11-17
VM4302,repair,2023-12-13
VM1240,repair,2020-12-21
VM7710,decommissioned,2020-06-04
VM9621,repair,2024-05-24
VM1125,functional,2021-06-08
VM3107,decommissioned,2023-05-29
VM7696,repair,2021-07-23
VM7235,functional,2021-09-16
VM8156,repair,2020-06-20
VM5832,functional,2023-11-03
VM6077,repair,2025-02-23
VM4947,repair,2025-01-04
VM3810,decommissioned,2020-04-06
VM7394,functional,2025-05-05
VM7985,repair,2021-02-06
VM5424,functional,2022-04-19
VM3191,functional,2023-12-25
VM5048,decommissioned,2025-10-20
VM1784,functional,2025-06-17
VM8912,decommissioned,2023-06-17
VM4019,repair,2023-04-18
VM7349,decommissioned,2023-06-25
VM2263,repair,2021-02-02
VM8570,decommissioned,2025-11-06
VM9884,repair,2025-09-20
VM8672,functional,2020-01-12
VM8300,repair,2025-08-18
VM2589,functional,2025-05-18
VM2623,functional,2025-11-12
VM9371,functional,2024-09-08
VM4158,repair,2020-02-21
VM3600,decommissioned,2023-07-22
VM4274,decommissioned,2022-03-01
VM2203,repair,2024-05-15
VM9685,functional,2023-11-27
VM1636,functional,2020-10-12
VM8564,repair,2023-02-25
VM8840,repair,2022-03-16
VM1494,functional,2024-08-13
VM5116,functional,2025-07-03
VM5185,repair,2024-10-18
VM6863,repair,2024-04-02
VM4985,decommissioned,2022-07-27
VM1431,repair,2020-04-10
VM2251,repair,2023-03-04
VM1772,repair,2021-01-02
VM1556,repair,2023-03-08
VM7846,decommissioned,2023-10-16
VM3873,functional,2024-07-18
VM9504,decommissioned,2021-03-13
VM3080,repair,2024-02-22
VM3152,repair,2025-08-11
VM7518,decommissioned,2024-08-07
VM8238,decommissioned,2025-08-01
VM6131,functional,2022-10-09
VM4481,repair,2025-01-07
VM4015,repair,2020-04-17
VM8265,functional,2021-06-11
VM1602,repair,2022-02-03
VM1509,decommissioned,2022-12-02
VM4025,functional,2020-03-09
VM8067,decommissioned,2023-02-18
VM6144,decommissioned,2020-10-21
VM7650,decommissioned,2022-10-08
VM7115,repair,2024-10-04
VM7387,decommissioned,2024-02-28
VM7994,decommissioned,2025-06-11
VM9151,decommissioned,2025-05-09
VM9824,decommissioned,2022-02-13
VM5879,repair,2023-02-28
VM8493,repair,2020-04-09
VM4382,repair,2023-09-01
VM3339,functional,2023-07-10
VM5553,repair,2020-07-21
VM9449,repair,2024-11-27
VM1328,decommissioned,2024-05-16
VM5274,repair,2021-03-15
VM1955,decommissioned,2023-06-23
VM2562,decommissioned,2025-04-28
VM8583,repair,2022-10-11
VM8248,functional,2025-05-05
VM1258,decommissioned,2022-11-06
VM7691,functional,2021-09-02
VM7416,decommissioned,2023-01-17
VM2437,functional,2023-12-10
VM6219,functional,2025-08-28
VM4413,decommissioned,2021-10-06
VM6580,repair,2021-11-13
VM9005,decommissioned,2021-10-24
VM5688,repair,2024-03-07
VM7323,repair,2025-11-13
VM3477,functional,2021-09-14
VM1666,functional,2023-06-02
VM8911,repair,2023-12-10
VM5742,decommissioned,2020-12-26
VM1372,decommissioned,2020-02-11
VM1061,functional,2021-06-30
VM6490,decommissioned,2024-03-19
VM9515,decommissioned,2021-03-25
VM4778,repair,2024-01-02
VM6862,functional,2022-01-02
VM2014,functional,2025-01-25
VM2943,repair,2021-09-29
VM5875,functional,2020-02-25
VM9903,decommissioned,2023-07-07
VM9374,decommissioned,2025-04-25
VM9808,functional,2025-03-08
VM2604,repair,2021-04-12
VM2851,decommissioned,2021-05-17
VM4860,decommissioned,2021-08-13
VM2049,decommissioned,2025-09-08
VM1561,functional,2025-05-30
VM7509,decommissioned,2021-10-20
VM4360,functional,2025-09-19
VM1816,functional,2024-11-12
VM9856,decommissioned,2022-11-22
VM6053,repair,2021-12-04
VM2919,functional,2025-03-31
VM4517,functional,2023-12-12
VM4841,decommissioned,2025-09-24
VM6700,decommissioned,2023-03-25
VM3122,repair,2025-09-26
VM9695,functional,2023-03-31
VM7919,repair,2022-08-04
VM8392,repair,2025-11-19
VM8584,decommissioned,2024-03-12
VM7013,functional,2022-10-26
VM1108,functional,2023-08-13
VM8544,decommissioned,2022-06-07
VM6869,decommissioned,2025-10-05
VM1658,decommissioned,2021-05-15
VM2324,functional,2021-12-15
VM7132,repair,2025-03-28
VM6600,repair,2025-06-10
VM8932,decommissioned,2025-07-01
VM6369,repair,2021-11-23
VM9062,decommissioned,2020-10-15
VM5857,decommissioned,2021-10-19
VM6335,functional,2024-12-25
VM7109,functional,2022-08-23
VM5739,repair,2022-12-29
VM7801,decommissioned,2023-03-19
VM1796,repair,2021-03-17
VM7767,repair,2022-04-05
VM1099,decommissioned,2020-01-10
VM9747,decommissioned,2022-08-21
VM5005,functional,2021-12-30
VM4372,functional,2025-01-29
VM2072,decommissioned,2021-06-22
VM8367,repair,2020-05-21
VM6276,repair,2021-06-08
VM6191,repair,2025-02-02
VM6164,functional,2022-06-06
VM7663,repair,2025-03-17
VM9899,decommissioned,2025-08-25
VM6678,functional,2021-06-21
VM4473,repair,2025-10-01
VM8491,repair,2024-05-04
VM4456,decommissioned,2024-01-01
VM3351,functional,2020-09-25
VM3187,functional,2021-04-04
VM2180,functional,2020-03-06
VM5397,decommissioned,2023-08-05
VM1229,decommissioned,2022-05-25
VM6593,functional,2020-05-02
VM1342,decommissioned,2023-09-06
VM2937,functional,2025-06-09
VM1233,repair,2020-11-15
VM6870,repair,2025-02-15
VM7242,decommissioned,2021-11-06
VM8339,decommissioned,2022-08-04
VM1891,functional,2025-02-13
VM6798,repair,2025-01-01
VM2056,functional,2020-12-20
VM6248,repair,2021-04-21
VM7163,repair,2023-07-31
VM7612,decommissioned,2023-05-11
VM4461,repair,2025-01-30
VM9153,decommissioned,2021-05-28
VM1278,functional,2022-04-15
VM6850,repair,2022-10-12
VM9017,repair,2022-08-30
VM4400,repair,2020-08-26
VM4089,functional,2023-10-23
VM7939,decommissioned,2023-01-26
VM8560,decommissioned,2022-12-11
VM5020,functional,2022-06-22
VM7526,repair,2021-11-28
VM6566,repair,2020-05-28
VM3413,decommissioned,2023-08-13
VM6005,repair,2025-11-21
VM5847,repair,2023-09-26
VM2929,repair,2025-08-30
VM2188,repair,2021-05-30
VM8141,functional,2023-03-04
VM2872,repair,2023-01-07
VM2420,repair,2024-08-01
VM2355,repair,2022-12-20
VM6001,decommissioned,2025-07-12
VM3849,repair,2022-02-04
VM3797,repair,2025-08-19
VM1485,functional,2022-12-01
VM6115,functional,2025-06-29
VM1697,functional,2022-04-13
VM6518,functional,2020-06-12
VM8552,decommissioned,2022-03-12
VM3090,decommissioned,2023-05-11
VM6940,decommissioned,2023-02-17
VM1727,functional,2025-10-12
VM9667,decommissioned,2024-02-04
VM5329,functional,2022-03-07
VM4816,repair,2024-07-15
VM8178,functional,2020-12-04
VM7548,functional,2023-03-31
VM7800,decommissioned,2025-11-15
VM8308,repair,2024-03-13
VM9629,functional,2021-10-18
VM4621,decommissioned,2020-05-03
VM9941,decommissioned,2023-03-17
VM8185,functional,2021-07-29
VM2331,functional,2024-10-26
VM5599,decommissioned,2020-01-24
VM9450,decommissioned,2024-07-16
VM5799,functional,2023-11-15
VM6888,decommissioned,2020-11-26
VM5213,functional,2021-06-01
VM3103,repair,2021-01-30
VM6648,repair,2024-08-19
VM8851,functional,2023-10-30
VM5163,decommissioned,2021-08-09
VM7741,decommissioned,2020-08-28
VM4272,repair,2023-12-18
VM5584,decommissioned,2021-12-07
VM4501,decommissioned,2025-04-15
VM8776,repair,2020-06-12
VM9923,repair,2020-08-24
VM6305,functional,2024-09-21
VM4096,repair,2023-08-04
VM7877,functional,2021-09-09
VM6692,repair,2021-10-02
VM3865,functional,2023-02-11
VM3007,decommissioned,2024-06-27
VM5825,repair,2025-08-26
VM5990,functional,2021-09-16
VM7604,repair,2021-09-16
VM3592,functional,2020-09-19
VM8466,repair,2025-05-10
VM3597,decommissioned,2024-04-23
VM1684,functional,2025-07-23
VM5333,functional,2024-10-23
VM3962,repair,2022-12-24
VM4331,decommissioned,2021-02-03
VM2932,functional,2021-03-03
VM4915,repair,2023-11-13
VM7825,functional,2020-11-11
VM9271,repair,2021-03-26
VM5985,repair,2020-12-24
VM2315,decommissioned,2025-03-26
VM9080,functional,2021-04-09
VM8791,repair,2023-03-01
VM2816,decommissioned,2022-05-11
VM2359,repair,2024-04-10
VM5280,functional,2025-11-12
VM5268,decommissioned,2021-09-25
VM7586,functional,2024-05-13
VM2456,decommissioned,2020-04-22
VM4652,decommissioned,2022-02-02
VM9051,functional,2024-03-26
VM2469,functional,2020-06-08
VM6666,functional,2024-04-15
VM1273,decommissioned,2023-03-09
VM2520,repair,2023-08-27
VM6804,decommissioned,2024-06-02
VM3541,functional,2023-05-25
VM2379,decommissioned,2022-07-12
VM7522,repair,2024-10-18
VM4609,functional,2023-06-07
VM9098,repair,2021-11-27
VM1616,repair,2025-09-24
VM4266,repair,2025-04-24
VM3705,repair,2021-03-24
VM7957,repair,2021-03-24
VM9680,decommissioned,2020-11-30
VM5093,functional,2025-07-12
VM6848,repair,2020-07-11
VM7403,repair,2020-03-06
VM7725,functional,2020-09-26
VM3735,repair,2023-06-29
VM5337,repair,2020-04-19
VM7972,functional,2022-03-10
VM2952,functional,2023-08-12
VM5190,decommissioned,2022-01-05
VM1914,repair,2021-11-08
VM1574,functional,2023-09-17
VM2652,decommissioned,2024-06-29
VM2648,functional,2024-03-10
VM6684,repair,2021-04-19
VM3065,repair,2020-09-16
VM2744,decommissioned,2021-06-08
VM9253,decommissioned,2023-05-11
VM8114,repair,2020-08-03
VM9135,repair,2022-06-14
VM5480,repair,2021-05-16
VM5197,functional,2025-06-07
VM1988,functional,2020-07-25
VM9557,functional,2020-02-01
VM8163,functional,2023-06-02
VM1113,repair,2020-04-27
VM5238,functional,2024-02-18
VM9909,functional,2021-11-06
VM5364,functional,2022-07-16
VM2915,repair,2025-08-28
VM6409,decommissioned,2022-06-10
VM1138,repair,2024-10-21
VM1659,functional,2024-05-18
VM9548,repair,2021-06-16
VM7458,functional,2021-09-17
VM2706,functional,2022-07-15
VM1807,functional,2020-03-26
VM8033,functional,2022-12-30
VM1911,decommissioned,2023-01-07
VM3250,repair,2025-06-01
VM1166,decommissioned,2022-11-02
VM3449,repair,2020-11-11
VM6049,decommissioned,2024-07-15
VM4916,functional,2022-11-08
VM2029,decommissioned,2020-02-27
VM3162,functional,2025-05-29
VM2023,repair,2024-11-25
VM9500,functional,2020-07-14
VM8568,functional,2023-05-10
VM7237,functional,2024-08-10
VM3412,repair,2024-05-09
VM8263,decommissioned,2024-12-03
VM5713,decommissioned,2023-09-12
VM8779,repair,2020-09-16
VM6555,functional,2021-06-24
VM7780,repair,2024-06-27
VM7037,decommissioned,2021-05-24
VM1562,repair,2025-09-15
VM7406,repair,2025-03-15
VM4637,decommissioned,2022-01-05
VM8811,decommissioned,2021-01-11
VM9835,functional,2025-08-27
VM6313,functional,2020-03-05
VM8677,decommissioned,2020-03-12
VM5296,repair,2022-09-19
VM5758,functional,2020-10-20
VM6941,repair,2022-06-21
VM9019,repair,2022-02-16
VM6890,functional,2020-04-26
VM4361,decommissioned,2023-05-18
VM3297,functional,2023-01-12
VM4735,decommissioned,2022-09-02
VM3731,repair,2021-05-21
VM7325,decommissioned,2024-11-13
VM6495,decommissioned,2021-03-21
VM9773,functional,2022-11-27
VM2079,repair,2023-01-09
VM8603,functional,2025-01-06
VM1660,decommissioned,2023-12-02
VM2275,decommissioned,2025-09-05
VM3699,functional,2020-03-27
VM3154,functional,2023-07-04
VM7472,repair,2022-09-22
VM1243,repair,2020-12-02
VM6614,functional,2023-09-08
VM6969,repair,2020-09-30
VM3982,decommissioned,2022-08-12
VM7559,repair,2024-12-19
VM9028,repair,2022-04-13
VM9622,functional,2020-10-18
VM2622,decommissioned,2024-07-28
VM2587,repair,2023-02-03
VM5581,decommissioned,2020-01-16
VM5186,repair,2022-02-15
VM1746,repair,2025-09-18
VM6367,functional,2021-04-04
VM7133,repair,2020-01-29
VM8901,functional,2024-05-30
VM8874,repair,2022-11-04
VM9576,decommissioned,2021-09-25
VM8693,functional,2024-08-28
VM8937,decommissioned,2025-06-28
VM3330,repair,2021-01-10
VM6137,decommissioned,2020-04-17
VM7517,repair,2020-03-13
VM5637,repair,2023-11-19
VM4453,repair,2023-01-03
VM9112,decommissioned,2022-01-16
VM9604,functional,2025-05-09
VM5087,decommissioned,2020-10-24
VM3967,decommissioned,2022-01-14
VM1046,functional,2025-10-06
VM9756,repair,2022-02-28
VM1603,functional,2025-09-18
VM8498,functional,2021-09-10
VM5421,decommissioned,2023-12-25
VM1254,decommissioned,2025-08-15
VM2695,decommissioned,2022-04-05
VM2375,decommissioned,2025-11-01
VM5393,repair,2020-04-10
VM2313,functional,2022-06-04
VM2733,decommissioned,2021-10-28
VM8872,functional,2024-04-20
VM1771,functional,2024-02-22
VM4093,functional,2021-08-29
VM2139,repair,2024-03-01
VM8059,repair,2023-03-07
VM8333,functional,2021-02-05
VM5147,functional,2022-03-11
VM5464,decommissioned,2021-08-04
VM7094,functional,2023-10-30
VM4698,functional,2022-03-18
VM6223,functional,2022-02-08
VM3514,functional,2024-08-26
VM9722,repair,2021-04-07
VM8836,repair,2025-06-01
VM4107,decommissioned,2021-12-04
VM8972,decommissioned,2023-10-22
VM9554,repair,2022-06-05
VM4277,decommissioned,2024-01-22
VM7411,repair,2025-01-11
VM1759,functional,2023-01-26
VM4353,repair,2021-02-08
VM9393,functional,2023-05-25
VM2015,decommissioned,2024-08-25
VM8940,decommissioned,2022-01-13
VM6788,repair,2025-04-23
VM3890,functional,2024-05-02
VM7409,repair,2023-10-11
VM5790,decommissioned,2023-08-12
VM8337,repair,2022-05-26
VM3651,decommissioned,2023-12-20
VM3389,functional,2024-02-28
VM8686,decommissioned,2024-10-06
VM4697,decommissioned,2020-12-26
VM7159,repair,2020-05-04
VM2736,repair,2022-09-18
VM4707,repair,2022-09-09
VM6591,functional,2020-07-23
VM7721,functional,2022-05-30
VM2710,repair,2022-09-05
VM7708,decommissioned,2020-06-04
VM3084,functional,2020-10-08
VM1786,repair,2022-02-21
VM9714,functional,2020-04-12
VM3846,decommissioned,2024-03-02
VM5988,decommissioned,2023-06-27
VM5513,repair,2021-01-22
VM2672,decommissioned,2020-05-18
VM2527,decommissioned,2025-11-01
VM6373,repair,2020-01-09
VM1352,decommissioned,2022-09-30
VM8829,functional,2024-08-18
VM7735,decommissioned,2025-07-13
VM1053,repair,2025-08-30
VM7881,repair,2021-10-30
VM4585,functional,2021-12-04
VM8394,repair,2025-05-30
VM1450,decommissioned,2020-11-24
VM6225,functional,2022-04-23
VM5608,decommissioned,2023-11-12
VM2274,functional,2020-12-27
VM4221,decommissioned,2020-12-16
VM9441,functional,2020-10-07
VM8954,functional,2021-07-31
VM8452,repair,2025-06-29
VM7377,repair,2024-05-31
VM5575,repair,2023-10-25
VM1159,functional,2023-10-01
VM3021,decommissioned,2023-06-12
VM3124,functional,2025-02-23
VM8907,functional,2022-08-11
VM5939,functional,2020-03-18
VM3386,decommissioned,2023-12-07
VM4800,repair,2022-04-01
VM2530,functional,2025-08-27
VM6476,decommissioned,2025-08-06
VM7763,repair,2024-09-19
VM9712,functional,2025-02-15
VM3641,repair,2025-01-15
VM3606,decommissioned,2023-07-20
VM3895,decommissioned,2024-05-25
VM9779,decommissioned,2022-08-18
VM3037,decommissioned,2023-10-06
VM2843,functional,2020-02-16
VM5258,decommissioned,2022-10-28
VM4889,repair,2022-01-23
VM7310,functional,2024-06-03
VM5485,functional,2021-02-23
VM3109,repair,2024-05-29
VM8719,repair,2024-09-14
VM2988,functional,2022-01-02
VM6979,repair,2021-03-26
VM1945,repair,2020-12-14
VM8969,decommissioned,2024-08-12
VM4809,repair,2020-04-02
VM7134,decommissioned,2021-04-13
VM3614,repair,2022-04-13
VM3836,functional,2023-06-25
VM2308,functional,2024-02-14
VM6200,decommissioned,2020-03-13
VM5835,functional,2020-05-05
VM2670,repair,2021-11-30
VM3845,decommissioned,2021-06-13
VM4117,repair,2023-02-14
VM9432,decommissioned,2024-05-11
VM3649,repair,2023-05-04
VM2127,repair,2021-03-22
VM9725,decommissioned,2025-01-20
VM1572,functional,2021-11-05
VM7632,decommissioned,2020-04-26
VM3356,functional,2020-02-06
VM2256,functional,2025-05-13
VM2926,decommissioned,2022-06-19
VM8343,repair,2020-03-20
VM2732,decommissioned,2021-12-29
VM5776,decommissioned,2021-04-12
VM7514,functional,2024-06-04
VM8214,functional,2023-11-30
VM1551,repair,2023-03-21
VM7826,repair,2020-09-29
VM1071,functional,2021-04-02
VM3074,functional,2023-06-22
VM3472,repair,2024-12-09
VM8428,repair,2025-10-20
VM3813,repair,2023-02-25
VM5784,decommissioned,2020-10-22
VM3312,repair,2020-08-09
VM8898,decommissioned,2025-02-21
VM8173,decommissioned,2020-06-09
VM2840,repair,2020-11-22
VM7168,repair,2024-08-17
VM4283,decommissioned,2025-03-16
VM9674,repair,2021-08-21
VM2013,decommissioned,2023-08-01
VM6876,functional,2024-02-10
VM6102,repair,2023-12-12
VM9520,decommissioned,2020-04-04
VM7120,repair,2023-06-08
VM3749,functional,2023-01-08
VM9183,repair,2020-05-26
VM9832,repair,2021-02-15
VM2537,repair,2020-01-12
VM6096,decommissioned,2024-04-01
VM9872,functional,2023-06-22
VM9169,repair,2021-07-09
VM9766,decommissioned,2022-04-07
VM2644,repair,2021-09-05
VM4334,functional,2023-12-28
VM9385,functional,2024-09-11
VM1535,repair,2024-04-19
VM4300,repair,2020-05-08
VM1374,decommissioned,2024-09-03
VM4000,repair,2021-03-25
VM6893,functional,2025-06-20
VM3222,decommissioned,2022-04-03
VM2582,functional,2021-06-02
VM2555,repair,2024-06-23
VM7423,decommissioned,2025-08-15
VM1293,functional,2023-03-12
VM5615,decommissioned,2021-05-20
VM4292,functional,2024-06-18
VM9036,decommissioned,2024-02-28
VM8550,decommissioned,2022-02-05
VM1396,functional,2022-11-27
VM2011,repair,2024-12-26
VM6878,functional,2022-09-17
VM2033,decommissioned,2024-02-28
VM8479,decommissioned,2020-02-18
VM6094,functional,2024-09-24
VM7540,repair,2023-10-11
VM6627,functional,2022-08-13
VM7631,functional,2023-01-16
VM8068,repair,2021-05-15
VM2269,functional,2023-03-15
VM7410,repair,2020-05-21
VM7913,decommissioned,2025-10-17
VM4416,functional,2023-08-20
VM8239,decommissioned,2024-04-12
VM1228,repair,2024-06-06
VM2987,decommissioned,2022-06-06
VM8092,functional,2025-08-01
VM4974,functional,2024-12-26
VM8462,decommissioned,2021-07-03
VM5699,functional,2024-09-25
VM3829,repair,2025-01-07
VM3320,functional,2021-02-22
VM2128,repair,2024-06-11
VM7055,repair,2023-10-15
VM9323,decommissioned,2024-09-07
VM9437,decommissioned,2022-05-10
VM5302,repair,2020-12-02
VM3444,functional,2023-06-03
VM5983,functional,2025-03-10
VM8138,functional,2025-02-27
VM1085,functional,2023-12-07
VM3295,repair,2025-05-10
VM2240,functional,2022-07-26
VM8882,decommissioned,2020-04-21
VM6055,decommissioned,2022-08-06
VM3753,repair,2022-05-08
VM5276,functional,2021-09-16
VM2715,repair,2021-04-06
VM5096,repair,2021-10-28
VM4424,repair,2020-07-24
VM1112,functional,2024-11-24
VM3593,repair,2020-06-24
VM2402,repair,2021-01-22
VM3540,functional,2021-02-16
VM6067,repair,2020-03-17
VM3139,decommissioned,2024-10-05
VM9445,decommissioned,2022-10-30
VM6752,repair,2024-01-14
VM2885,decommissioned,2024-03-30
VM1123,decommissioned,2021-06-29
VM7896,functional,2025-06-29
VM1761,repair,2020-06-10
VM9844,functional,2020-03-31
VM4394,decommissioned,2025-06-07
VM8547,decommissioned,2021-12-01
VM2454,repair,2024-02-02
VM6780,functional,2020-09-27
VM3930,functional,2023-01-20
VM1434,functional,2024-07-04
VM9862,functional,2022-07-13
VM4851,repair,2020-09-21
VM7795,decommissioned,2024-05-09
VM8866,repair,2023-02-15
VM2956,functional,2020-02-29
VM3521,repair,2020-05-07
VM5657,decommissioned,2023-12-06
VM5562,decommissioned,2020-07-07
VM9158,decommissioned,2020-12-01
VM4868,decommissioned,2025-08-30
VM4678,decommissioned,2021-10-01
VM4220,functional,2023-01-14
VM7016,repair,2021-06-29
VM9701,repair,2020-06-24
VM9937,repair,2021-09-04
VM1623,functional,2023-10-09
VM8658,functional,2023-02-11
VM4555,repair,2024-06-07
VM7757,repair,2022-10-04
VM2117,functional,2020-07-08
VM5215,decommissioned,2023-11-10
VM8261,functional,2022-06-11
VM5442,functional,2025-11-05
VM5740,functional,2020-07-25
VM8396,repair,2022-05-26
VM6772,functional,2022-03-30
VM2735,repair,2022-10-28
VM4696,repair,2020-12-13
VM1312,repair,2020-05-16
VM3391,functional,2021-03-08
VM2539,decommissioned,2022-03-06
VM3737,decommissioned,2023-01-26
VM8472,decommissioned,2020-04-07
VM9282,decommissioned,2022-03-18
VM8099,repair,2023-11-18
VM6224,decommissioned,2023-01-26
VM6920,functional,2025-02-24
VM2201,repair,2025-08-30
VM6834,functional,2025-02-17
VM9904,functional,2025-05-07
VM8626,decommissioned,2020-04-06
VM5257,repair,2023-09-14
VM4732,functional,2024-01-31
VM9569,repair,2020-06-13
VM7520,functional,2021-12-03
VM7246,repair,2021-10-21
VM3441,functional,2021-05-26
VM5167,functional,2023-08-30
VM1909,repair,2021-08-01
VM7384,functional,2020-06-21
VM2646,repair,2022-09-01
VM9886,decommissioned,2024-01-21
VM2098,repair,2022-11-22
VM6944,decommissioned,2025-03-19
VM3293,repair,2022-03-16
VM3968,decommissioned,2023-09-26
VM4212,decommissioned,2024-08-12
VM5487,repair,2020-04-04
VM1307,decommissioned,2020-12-08
VM6639,functional,2020-02-11
VM8915,functional,2022-04-03
VM1137,functional,2025-08-24
VM6812,decommissioned,2020-04-10
VM3114,decommissioned,2020-04-12
VM2981,decommissioned,2022-09-17
VM3660,functional,2022-04-03
VM8920,functional,2020-07-08
VM9689,functional,2023-04-24
VM3173,decommissioned,2024-11-18
VM5052,functional,2020-10-23
VM1546,decommissioned,2024-05-22
VM7455,repair,2021-04-17
VM4344,decommissioned,2023-01-17
VM7894,decommissioned,2023-04-06
VM4572,functional,2021-03-14
VM9007,decommissioned,2023-10-10
VM4645,repair,2021-02-24
VM6146,repair,2020-11-08
VM4341,functional,2021-10-26
VM4646,decommissioned,2022-05-08
VM2609,functional,2023-01-26
VM5144,repair,2021-02-16
VM1695,decommissioned,2022-11-11
VM7929,repair,2020-03-10
VM6910,repair,2024-08-26
VM5692,functional,2024-03-29
VM2293,functional,2025-09-07
VM5400,repair,2020-12-01
VM8628,functional,2022-03-28
VM6353,functional,2025-04-24
VM9572,repair,2024-05-07
VM3423,repair,2025-08-05
VM9960,decommissioned,2025-08-09
VM3785,repair,2024-06-22
VM1473,decommissioned,2025-09-02
VM6609,functional,2020-09-09
VM7333,repair,2022-02-01
VM7817,decommissioned,2023-01-05
VM4983,functional,2024-12-15
VM7959,functional,2021-11-20
VM9306,decommissioned,2020-07-02
VM8001,decommissioned,2020-08-28
VM3102,decommissioned,2020-06-23
VM2522,functional,2020-03-14
VM4956,decommissioned,2024-11-15
VM3002,functional,2022-05-12
VM7872,repair,2023-04-03
VM2481,repair,2020-06-10
VM9247,repair,2024-04-23
VM2529,functional,2020-11-24
VM9311,decommissioned,2023-11-23
VM6672,decommissioned,2023-12-01
VM7067,repair,2025-06-28
VM5361,repair,2024-04-19
VM6632,repair,2025-03-23
VM8408,functional,2025-06-05
VM2698,functional,2023-11-11
VM1069,repair,2025-09-05
VM9627,functional,2024-07-30
VM1398,repair,2023-04-28
VM5172,decommissioned,2020-11-04
VM7603,decommissioned,2025-02-14
VM1489,repair,2023-01-24
VM9181,decommissioned,2020-03-22
VM4500,repair,2025-04-01
VM6690,decommissioned,2022-07-09
VM6504,decommissioned,2020-09-18
VM1386,functional,2021-08-16
VM3563,functional,2024-05-30
VM6505,decommissioned,2022-07-29
VM1292,decommissioned,2022-11-01
VM6599,functional,2025-01-31
VM9963,functional,2023-07-26
VM4381,repair,2024-07-09
VM7069,functional,2023-02-25
VM4591,repair,2020-07-23
VM2898,decommissioned,2020-11-08
VM1937,functional,2024-02-06
VM7678,repair,2025-11-14
VM9238,decommissioned,2024-07-30
VM6735,functional,2021-01-24
VM5881,decommissioned,2020-07-26
VM1540,decommissioned,2021-07-11
VM9431,decommissioned,2024-05-20
VM3882,functional,2021-07-02
VM3733,repair,2024-10-05
VM5958,decommissioned,2022-10-27
VM9893,repair,2022-01-06
VM3400,repair,2023-11-01
VM1902,repair,2022-10-05
VM8540,repair,2021-11-21
VM7856,decommissioned,2024-10-23
VM8929,decommissioned,2022-03-02
VM8537,functional,2021-10-20
VM9030,repair,2025-08-14
VM5757,decommissioned,2020-09-01
VM1237,repair,2024-03-29
VM6829,repair,2021-10-24
VM7692,functional,2020-10-30
VM4583,decommissioned,2025-11-04
VM6698,decommissioned,2025-04-02
VM3156,functional,2021-01-09
VM5342,decommissioned,2022-09-21
VM8809,repair,2023-01-24
VM3512,repair,2022-12-05
VM3715,repair,2024-02-20
VM7219,functional,2021-02-03
VM3455,functional,2025-02-23
VM9879,decommissioned,2021-07-29
VM4544,repair,2025-02-23
VM1705,functional,2023-04-06
VM1185,repair,2020-07-25
VM7883,functional,2024-01-07
VM3725,functional,2024-05-21
VM3439,repair,2025-03-07
VM5162,repair,2020-11-05
VM5705,functional,2025-02-22
VM4723,functional,2020-11-07
VM3701,repair,2025-07-03
VM7940,repair,2025-02-11
VM2991,decommissioned,2020-02-05
VM8877,decommissioned,2021-04-22
VM3681,functional,2020-03-01
VM6805,functional,2022-04-20
VM5160,decommissioned,2023-01-08
VM9761,decommissioned,2020-04-05
VM6365,functional,2020-03-04
VM4474,functional,2024-09-23
VM1231,functional,2022-08-09
VM1531,decommissioned,2022-04-16
VM7926,functional,2024-07-06
VM1353,repair,2023-11-16
VM9732,decommissioned,2023-04-06
VM6359,functional,2021-11-29
VM1266,repair,2024-08-30
VM3875,decommissioned,2022-12-13
VM5482,decommissioned,2021-12-25
VM6475,repair,2023-06-18
VM7234,functional,2020-01-18
VM5152,decommissioned,2022-04-17
VM8328,repair,2023-10-22
VM5085,decommissioned,2022-02-09
VM2823,decommissioned,2021-10-06
VM5046,functional,2021-02-05
VM1463,functional,2022-11-14
VM4756,functional,2025-06-19
VM4999,decommissioned,2022-01-27
VM3032,repair,2022-05-26
VM5187,functional,2025-11-17
VM2272,repair,2020-01-15
VM5952,decommissioned,2022-04-16
VM2763,functional,2021-08-08
VM6160,functional,2021-04-29
VM6872,functional,2025-07-26
VM4630,decommissioned,2024-01-22
VM1543,decommissioned,2023-04-09
VM6272,repair,2025-05-31
VM3721,functional,2022-04-10
VM7545,repair,2024-09-05
VM5243,repair,2024-04-25
VM3881,decommissioned,2024-01-07
VM3315,repair,2022-01-13
VM7814,repair,2020-05-20
VM6092,decommissioned,2025-11-16
VM2660,functional,2020-09-20
VM2250,decommissioned,2024-06-03
VM7951,decommissioned,2023-05-18
VM1741,repair,2021-07-25
VM7108,decommissioned,2022-03-08
VM8065,functional,2024-04-24
VM5853,decommissioned,2024-04-08
VM4642,decommissioned,2023-08-27
VM2724,functional,2021-11-17
VM3629,decommissioned,2021-08-16
VM3244,functional,2024-11-08
VM7313,repair,2025-09-09
VM9087,functional,2024-02-18
VM2720,decommissioned,2022-07-04
VM5249,decommissioned,2022-02-17
VM6445,decommissioned,2021-12-19
VM3505,repair,2020-04-06
VM9839,functional,2025-10-11
VM6972,functional,2023-05-26
VM6842,repair,2021-11-30
VM8724,decommissioned,2023-10-02
VM4235,decommissioned,2020-07-15
VM6431,functional,2023-11-03
VM3755,functional,2021-04-03
VM3260,functional,2025-07-05
VM1048,repair,2024-03-13
VM1698,functional,2022-09-07
VM5686,decommissioned,2025-11-19
VM8633,decommissioned,2022-11-09
VM1973,decommissioned,2022-06-03
VM7485,functional,2021-10-17
VM5137,functional,2025-02-19
VM4795,repair,2021-02-03
VM3688,repair,2020-10-04
VM4198,decommissioned,2021-12-26
VM8188,decommissioned,2022-06-25
VM2828,decommissioned,2020-12-20
VM4332,functional,2023-05-07
VM2839,decommissioned,2022-04-14
VM4520,repair,2021-12-21
VM5869,functional,2022-01-31
VM5764,repair,2023-04-03
VM5348,decommissioned,2020-12-27
VM5399,functional,2020-10-11
VM9353,decommissioned,2020-08-12
VM3225,decommissioned,2024-01-19
VM9299,functional,2025-10-20
VM2304,functional,2024-11-01
VM6686,repair,2024-02-22
VM5064,repair,2021-08-12
VM4612,decommissioned,2021-05-11
VM7153,repair,2021-06-16
VM2928,functional,2020-01-08
VM4343,repair,2020-10-14
VM5660,functional,2024-07-06
VM9707,functional,2023-12-17
VM3528,functional,2024-02-01
VM7748,functional,2025-02-21
VM9427,repair,2020-05-27
VM9400,decommissioned,2020-08-04
VM7988,repair,2020-10-21
VM5669,functional,2024-02-10
VM7318,functional,2020-03-12
VM4041,repair,2021-04-26
VM1082,decommissioned,2024-06-26
VM6081,decommissioned,2021-08-08
VM4050,repair,2022-07-28
VM6988,repair,2023-12-07
VM6447,functional,2023-09-02
VM7286,repair,2023-06-26
VM9511,decommissioned,2023-10-13
VM3864,repair,2022-09-16
VM8843,functional,2020-04-15
VM9410,decommissioned,2025-02-14
VM9690,functional,2020-05-01
VM7262,functional,2020-10-01
VM9607,repair,2022-09-06
VM1150,repair,2020-08-11
VM8489,functional,2023-08-05
VM4562,decommissioned,2020-07-21
VM7609,decommissioned,2020-01-30
VM8649,functional,2023-07-02
VM9071,decommissioned,2022-06-17
VM2536,repair,2024-12-22
VM9675,decommissioned,2020-09-15
VM2512,decommissioned,2022-08-21
VM2793,functional,2021-09-30
VM6616,functional,2022-07-13
VM7917,functional,2024-11-25
VM4319,decommissioned,2021-12-10
VM5244,repair,2022-11-27
VM4522,decommissioned,2020-07-23
VM2827,functional,2021-09-22
VM7671,functional,2020-12-21
VM8103,repair,2024-11-03
VM6636,decommissioned,2025-09-23
VM4932,functional,2023-09-03
VM3896,functional,2023-09-18
VM4052,decommissioned,2020-09-16
VM7148,functional,2021-01-05
VM4921,functional,2020-10-22
VM9651,decommissioned,2023-06-19
VM8951,decommissioned,2020-10-29
VM2187,decommissioned,2022-05-14
VM9101,repair,2024-06-20
VM3314,functional,2023-02-02
VM1975,repair,2024-02-29
VM6010,decommissioned,2023-12-02
VM4434,repair,2023-05-21
VM5145,functional,2024-01-02
VM6284,repair,2022-09-23
VM6710,functional,2023-07-18
VM4223,decommissioned,2021-06-18
VM9946,decommissioned,2020-01-06
VM5949,functional,2021-12-14
VM7150,repair,2022-03-21
VM2523,functional,2024-06-17
VM1521,repair,2022-04-24
VM8237,decommissioned,2020-09-13
VM6193,repair,2024-07-26
VM4397,repair,2024-03-01
VM4208,repair,2020-10-15
VM8948,repair,2023-03-22
VM8283,decommissioned,2023-02-18
VM6417,functional,2022-08-11
VM9138,functional,2023-07-28
VM8045,decommissioned,2022-01-10
VM7232,repair,2021-12-31
VM5931,functional,2023-06-28
VM3220,repair,2020-09-11
VM6217,repair,2025-11-12
VM6201,repair,2023-10-15
VM5272,repair,2020-08-10
VM3273,functional,2021-05-19
VM3166,decommissioned,2025-01-06
VM7075,functional,2022-01-22
VM9187,functional,2020-03-12
VM7288,repair,2024-10-03
VM5935,functional,2022-07-11
VM6838,functional,2023-09-12
VM9228,functional,2023-07-24
VM6104,repair,2023-01-06
VM2754,repair,2023-03-19
VM5961,functional,2022-08-18
VM2725,decommissioned,2025-07-14
VM5028,functional,2024-09-08
VM3717,repair,2024-08-02
VM3814,repair,2024-02-05
VM6114,functional,2020-09-12
VM4914,repair,2025-06-03
VM4224,repair,2025-11-02
VM6601,decommissioned,2024-06-14
VM7829,functional,2023-12-11
VM6785,functional,2024-03-11
VM5987,repair,2023-08-15
VM4699,decommissioned,2025-08-05
VM7155,functional,2023-06-29
VM7502,functional,2021-10-17
VM1567,decommissioned,2023-07-03
VM7759,decommissioned,2022-08-10
VM9639,decommissioned,2025-01-20
VM1458,decommissioned,2023-04-24
VM8125,functional,2024-01-08
VM2205,repair,2021-11-27
VM8998,functional,2021-12-09
VM1568,functional,2025-11-14
VM4337,decommissioned,2022-01-08
VM9237,repair,2022-07-08
VM4451,decommissioned,2023-12-09
VM7110,repair,2024-03-11
VM8325,functional,2024-02-26
VM1361,decommissioned,2023-07-09
VM4059,repair,2020-12-20
VM3751,decommissioned,2022-05-15
VM3646,repair,2022-01-09
VM3742,repair,2023-01-19
VM2105,repair,2025-04-30
VM7816,decommissioned,2021-12-12
VM1790,functional,2025-05-07
VM6884,functional,2021-06-22
VM3986,decommissioned,2025-06-10
VM1173,decommissioned,2024-03-27
VM4207,repair,2024-09-30
VM2260,functional,2022-01-14
VM3055,functional,2020-09-13
VM9125,repair,2022-11-15
VM1239,decommissioned,2020-12-03
VM3904,functional,2024-09-16
VM3246,functional,2023-12-17
VM9741,functional,2024-04-09
VM4724,functional,2024-09-11
VM8386,repair,2023-01-08
VM2147,functional,2025-04-05
VM5594,decommissioned,2023-06-29
VM7053,repair,2022-07-21
VM9336,functional,2024-05-16
VM6952,functional,2023-11-28
VM9404,repair,2023-07-11
VM9887,functional,2023-11-20
VM3157,repair,2024-02-21
VM6868,decommissioned,2022-11-18
VM7644,repair,2022-07-07
VM9777,repair,2020-10-07
VM4519,repair,2025-09-19
VM8272,decommissioned,2022-08-17
VM6911,decommissioned,2024-11-29
VM3206,decommissioned,2025-06-24
VM4859,functional,2020-02-27
VM7567,decommissioned,2025-07-03
VM5074,decommissioned,2023-05-07
VM5668,decommissioned,2022-02-08
VM4011,repair,2022-05-18
VM4482,functional,2023-08-30
VM4978,repair,2021-08-23
VM4009,decommissioned,2021-03-31
VM3935,functional,2020-04-08
VM5156,functional,2025-04-10
VM9684,functional,2020-01-02
VM4873,decommissioned,2022-06-26
VM4944,repair,2020-02-17
VM7835,repair,2022-03-13
VM5207,decommissioned,2023-05-25
VM5534,repair,2020-03-31
VM4013,decommissioned,2024-08-17
VM9793,functional,2020-06-10
VM5518,repair,2020-01-16
VM9810,repair,2024-05-29
VM7344,functional,2022-01-31
VM7658,repair,2024-10-24
VM1814,functional,2020-11-28
VM4357,functional,2025-02-03
VM9958,repair,2025-10-14
VM3089,repair,2020-07-27
VM3530,repair,2025-05-31
VM1811,functional,2020-04-25
VM5193,repair,2025-10-15
VM1599,repair,2020-02-03
VM1178,decommissioned,2023-06-24
VM1794,decommissioned,2022-04-26
VM5284,decommissioned,2023-01-03
VM5605,decommissioned,2021-02-08
VM7806,functional,2020-05-19
VM6281,repair,2022-07-30
VM8965,decommissioned,2020-04-27
VM5925,repair,2025-02-15
VM9924,decommissioned,2024-01-20
VM2154,functional,2022-08-17
VM4005,functional,2020-12-03
VM4064,functional,2025-11-04
VM7390,functional,2020-08-06
VM2299,repair,2023-12-18
VM4245,functional,2023-09-22
VM6378,functional,2024-11-13
VM6736,functional,2023-01-09
VM5965,repair,2024-05-02
VM4693,decommissioned,2025-10-04
VM9006,functional,2021-07-29
VM5413,decommissioned,2023-05-04
VM9798,repair,2023-11-14
VM3850,decommissioned,2020-02-08
VM6696,decommissioned,2025-09-16
VM7211,decommissioned,2021-12-30
VM6498,functional,2022-12-22
VM7642,repair,2022-12-23
VM7049,repair,2024-08-07
VM9099,decommissioned,2024-11-04
VM7950,repair,2022-04-02
VM4989,decommissioned,2022-09-01
VM3752,repair,2022-03-10
VM9201,decommissioned,2020-06-03
VM3137,repair,2022-09-18
VM4660,decommissioned,2025-07-10
VM9949,functional,2024-08-15
VM2526,decommissioned,2021-10-21
VM5582,repair,2021-06-29
VM7706,functional,2024-12-25
VM8168,repair,2021-08-02
VM7361,functional,2020-08-13
VM6388,repair,2021-02-16
VM1191,decommissioned,2021-01-03
VM1609,repair,2025-05-03
VM6867,repair,2021-07-31
VM8762,functional,2024-04-10
VM9786,decommissioned,2020-11-13
VM1526,decommissioned,2023-06-15
VM7983,functional,2022-09-26
VM3308,decommissioned,2022-04-23
VM4829,repair,2022-02-05
VM6171,repair,2023-12-16
VM6708,functional,2020-03-27
VM1439,decommissioned,2023-01-20
VM7571,functional,2020-10-29
